doc_id,chunk_id,start_char,end_char,start_token,end_token,sha256,local_path,harvested_at,created_at,language,license
9789240049338-eng.clean,9789240049338-eng.clean_tok_0_800,0,3790,0,800,,D:\cuong python\mon hoc\TIEU LUAN CHUYEN NGANH\MentalHealthChatbot\data\cleaned\9789240049338-eng.clean.txt,,2025-10-11T20:55:45.481025Z,,
9789240049338-eng.clean,9789240049338-eng.clean_tok_800_1600,3790,7491,800,1600,,D:\cuong python\mon hoc\TIEU LUAN CHUYEN NGANH\MentalHealthChatbot\data\cleaned\9789240049338-eng.clean.txt,,2025-10-11T20:55:45.481025Z,,
9789240049338-eng.clean,9789240049338-eng.clean_tok_1600_2400,7491,10963,1600,2400,,D:\cuong python\mon hoc\TIEU LUAN CHUYEN NGANH\MentalHealthChatbot\data\cleaned\9789240049338-eng.clean.txt,,2025-10-11T20:55:45.481025Z,,
9789240049338-eng.clean,9789240049338-eng.clean_tok_2400_3200,10963,14008,2400,3200,,D:\cuong python\mon hoc\TIEU LUAN CHUYEN NGANH\MentalHealthChatbot\data\cleaned\9789240049338-eng.clean.txt,,2025-10-11T20:55:45.481025Z,,
9789240049338-eng.clean,9789240049338-eng.clean_tok_3200_4000,14008,17397,3200,4000,,D:\cuong python\mon hoc\TIEU LUAN CHUYEN NGANH\MentalHealthChatbot\data\cleaned\9789240049338-eng.clean.txt,,2025-10-11T20:55:45.481025Z,,
9789240049338-eng.clean,9789240049338-eng.clean_tok_4000_4800,17397,21217,4000,4800,,D:\cuong python\mon hoc\TIEU LUAN CHUYEN NGANH\MentalHealthChatbot\data\cleaned\9789240049338-eng.clean.txt,,2025-10-11T20:55:45.481025Z,,
9789240049338-eng.clean,9789240049338-eng.clean_tok_4800_5600,21217,25359,4800,5600,,D:\cuong python\mon hoc\TIEU LUAN CHUYEN NGANH\MentalHealthChatbot\data\cleaned\9789240049338-eng.clean.txt,,2025-10-11T20:55:45.481025Z,,
9789240049338-eng.clean,9789240049338-eng.clean_tok_5600_6400,25359,29566,5600,6400,,D:\cuong python\mon hoc\TIEU LUAN CHUYEN NGANH\MentalHealthChatbot\data\cleaned\9789240049338-eng.clean.txt,,2025-10-11T20:55:45.481025Z,,
9789240049338-eng.clean,9789240049338-eng.clean_tok_6400_7200,29566,33852,6400,7200,,D:\cuong python\mon hoc\TIEU LUAN CHUYEN NGANH\MentalHealthChatbot\data\cleaned\9789240049338-eng.clean.txt,,2025-10-11T20:55:45.481025Z,,
9789240049338-eng.clean,9789240049338-eng.clean_tok_7200_8000,33852,38310,7200,8000,,D:\cuong python\mon hoc\TIEU LUAN CHUYEN NGANH\MentalHealthChatbot\data\cleaned\9789240049338-eng.clean.txt,,2025-10-11T20:55:45.481025Z,,
9789240049338-eng.clean,9789240049338-eng.clean_tok_8000_8800,38310,42695,8000,8800,,D:\cuong python\mon hoc\TIEU LUAN CHUYEN NGANH\MentalHealthChatbot\data\cleaned\9789240049338-eng.clean.txt,,2025-10-11T20:55:45.481025Z,,
9789240049338-eng.clean,9789240049338-eng.clean_tok_8800_9600,42695,46732,8800,9600,,D:\cuong python\mon hoc\TIEU LUAN CHUYEN NGANH\MentalHealthChatbot\data\cleaned\9789240049338-eng.clean.txt,,2025-10-11T20:55:45.481025Z,,
9789240049338-eng.clean,9789240049338-eng.clean_tok_9600_10400,46732,50826,9600,10400,,D:\cuong python\mon hoc\TIEU LUAN CHUYEN NGANH\MentalHealthChatbot\data\cleaned\9789240049338-eng.clean.txt,,2025-10-11T20:55:45.481025Z,,
9789240049338-eng.clean,9789240049338-eng.clean_tok_10400_11200,50826,54653,10400,11200,,D:\cuong python\mon hoc\TIEU LUAN CHUYEN NGANH\MentalHealthChatbot\data\cleaned\9789240049338-eng.clean.txt,,2025-10-11T20:55:45.481025Z,,
9789240049338-eng.clean,9789240049338-eng.clean_tok_11200_12000,54653,58704,11200,12000,,D:\cuong python\mon hoc\TIEU LUAN CHUYEN NGANH\MentalHealthChatbot\data\cleaned\9789240049338-eng.clean.txt,,2025-10-11T20:55:45.481025Z,,
9789240049338-eng.clean,9789240049338-eng.clean_tok_12000_12800,58704,62912,12000,12800,,D:\cuong python\mon hoc\TIEU LUAN CHUYEN NGANH\MentalHealthChatbot\data\cleaned\9789240049338-eng.clean.txt,,2025-10-11T20:55:45.481025Z,,
9789240049338-eng.clean,9789240049338-eng.clean_tok_12800_13600,62912,66852,12800,13600,,D:\cuong python\mon hoc\TIEU LUAN CHUYEN NGANH\MentalHealthChatbot\data\cleaned\9789240049338-eng.clean.txt,,2025-10-11T20:55:45.481025Z,,
9789240049338-eng.clean,9789240049338-eng.clean_tok_13600_14400,66852,70651,13600,14400,,D:\cuong python\mon hoc\TIEU LUAN CHUYEN NGANH\MentalHealthChatbot\data\cleaned\9789240049338-eng.clean.txt,,2025-10-11T20:55:45.481025Z,,
9789240049338-eng.clean,9789240049338-eng.clean_tok_14400_15200,70651,74664,14400,15200,,D:\cuong python\mon hoc\TIEU LUAN CHUYEN NGANH\MentalHealthChatbot\data\cleaned\9789240049338-eng.clean.txt,,2025-10-11T20:55:45.481025Z,,
9789240049338-eng.clean,9789240049338-eng.clean_tok_15200_16000,74664,78279,15200,16000,,D:\cuong python\mon hoc\TIEU LUAN CHUYEN NGANH\MentalHealthChatbot\data\cleaned\9789240049338-eng.clean.txt,,2025-10-11T20:55:45.481025Z,,
9789240049338-eng.clean,9789240049338-eng.clean_tok_16000_16800,78279,82166,16000,16800,,D:\cuong python\mon hoc\TIEU LUAN CHUYEN NGANH\MentalHealthChatbot\data\cleaned\9789240049338-eng.clean.txt,,2025-10-11T20:55:45.481025Z,,
9789240049338-eng.clean,9789240049338-eng.clean_tok_16800_17600,82166,86354,16800,17600,,D:\cuong python\mon hoc\TIEU LUAN CHUYEN NGANH\MentalHealthChatbot\data\cleaned\9789240049338-eng.clean.txt,,2025-10-11T20:55:45.481025Z,,
9789240049338-eng.clean,9789240049338-eng.clean_tok_17600_18400,86354,90523,17600,18400,,D:\cuong python\mon hoc\TIEU LUAN CHUYEN NGANH\MentalHealthChatbot\data\cleaned\9789240049338-eng.clean.txt,,2025-10-11T20:55:45.481025Z,,
9789240049338-eng.clean,9789240049338-eng.clean_tok_18400_19200,90523,94621,18400,19200,,D:\cuong python\mon hoc\TIEU LUAN CHUYEN NGANH\MentalHealthChatbot\data\cleaned\9789240049338-eng.clean.txt,,2025-10-11T20:55:45.481025Z,,
9789240049338-eng.clean,9789240049338-eng.clean_tok_19200_20000,94621,98420,19200,20000,,D:\cuong python\mon hoc\TIEU LUAN CHUYEN NGANH\MentalHealthChatbot\data\cleaned\9789240049338-eng.clean.txt,,2025-10-11T20:55:45.481025Z,,
9789240049338-eng.clean,9789240049338-eng.clean_tok_20000_20800,98420,102510,20000,20800,,D:\cuong python\mon hoc\TIEU LUAN CHUYEN NGANH\MentalHealthChatbot\data\cleaned\9789240049338-eng.clean.txt,,2025-10-11T20:55:45.481025Z,,
9789240049338-eng.clean,9789240049338-eng.clean_tok_20800_21600,102510,106483,20800,21600,,D:\cuong python\mon hoc\TIEU LUAN CHUYEN NGANH\MentalHealthChatbot\data\cleaned\9789240049338-eng.clean.txt,,2025-10-11T20:55:45.481025Z,,
9789240049338-eng.clean,9789240049338-eng.clean_tok_21600_22400,106483,110367,21600,22400,,D:\cuong python\mon hoc\TIEU LUAN CHUYEN NGANH\MentalHealthChatbot\data\cleaned\9789240049338-eng.clean.txt,,2025-10-11T20:55:45.481025Z,,
9789240049338-eng.clean,9789240049338-eng.clean_tok_22400_23200,110367,114449,22400,23200,,D:\cuong python\mon hoc\TIEU LUAN CHUYEN NGANH\MentalHealthChatbot\data\cleaned\9789240049338-eng.clean.txt,,2025-10-11T20:55:45.481025Z,,
9789240049338-eng.clean,9789240049338-eng.clean_tok_23200_24000,114449,118637,23200,24000,,D:\cuong python\mon hoc\TIEU LUAN CHUYEN NGANH\MentalHealthChatbot\data\cleaned\9789240049338-eng.clean.txt,,2025-10-11T20:55:45.481025Z,,
9789240049338-eng.clean,9789240049338-eng.clean_tok_24000_24800,118637,122627,24000,24800,,D:\cuong python\mon hoc\TIEU LUAN CHUYEN NGANH\MentalHealthChatbot\data\cleaned\9789240049338-eng.clean.txt,,2025-10-11T20:55:45.481025Z,,
9789240049338-eng.clean,9789240049338-eng.clean_tok_24800_25600,122627,126694,24800,25600,,D:\cuong python\mon hoc\TIEU LUAN CHUYEN NGANH\MentalHealthChatbot\data\cleaned\9789240049338-eng.clean.txt,,2025-10-11T20:55:45.481025Z,,
9789240049338-eng.clean,9789240049338-eng.clean_tok_25600_26400,126694,130639,25600,26400,,D:\cuong python\mon hoc\TIEU LUAN CHUYEN NGANH\MentalHealthChatbot\data\cleaned\9789240049338-eng.clean.txt,,2025-10-11T20:55:45.481025Z,,
9789240049338-eng.clean,9789240049338-eng.clean_tok_26400_27200,130639,134526,26400,27200,,D:\cuong python\mon hoc\TIEU LUAN CHUYEN NGANH\MentalHealthChatbot\data\cleaned\9789240049338-eng.clean.txt,,2025-10-11T20:55:45.481025Z,,
9789240049338-eng.clean,9789240049338-eng.clean_tok_27200_28000,134526,137790,27200,28000,,D:\cuong python\mon hoc\TIEU LUAN CHUYEN NGANH\MentalHealthChatbot\data\cleaned\9789240049338-eng.clean.txt,,2025-10-11T20:55:45.481025Z,,
9789240049338-eng.clean,9789240049338-eng.clean_tok_28000_28800,137790,139480,28000,28800,,D:\cuong python\mon hoc\TIEU LUAN CHUYEN NGANH\MentalHealthChatbot\data\cleaned\9789240049338-eng.clean.txt,,2025-10-11T20:55:45.481025Z,,
9789240049338-eng.clean,9789240049338-eng.clean_tok_28800_29600,139480,143154,28800,29600,,D:\cuong python\mon hoc\TIEU LUAN CHUYEN NGANH\MentalHealthChatbot\data\cleaned\9789240049338-eng.clean.txt,,2025-10-11T20:55:45.481025Z,,
9789240049338-eng.clean,9789240049338-eng.clean_tok_29600_30400,143154,146679,29600,30400,,D:\cuong python\mon hoc\TIEU LUAN CHUYEN NGANH\MentalHealthChatbot\data\cleaned\9789240049338-eng.clean.txt,,2025-10-11T20:55:45.481025Z,,
9789240049338-eng.clean,9789240049338-eng.clean_tok_30400_31200,146679,150488,30400,31200,,D:\cuong python\mon hoc\TIEU LUAN CHUYEN NGANH\MentalHealthChatbot\data\cleaned\9789240049338-eng.clean.txt,,2025-10-11T20:55:45.481025Z,,
9789240049338-eng.clean,9789240049338-eng.clean_tok_31200_32000,150488,153968,31200,32000,,D:\cuong python\mon hoc\TIEU LUAN CHUYEN NGANH\MentalHealthChatbot\data\cleaned\9789240049338-eng.clean.txt,,2025-10-11T20:55:45.481025Z,,
9789240049338-eng.clean,9789240049338-eng.clean_tok_32000_32800,153968,157532,32000,32800,,D:\cuong python\mon hoc\TIEU LUAN CHUYEN NGANH\MentalHealthChatbot\data\cleaned\9789240049338-eng.clean.txt,,2025-10-11T20:55:45.481025Z,,
9789240049338-eng.clean,9789240049338-eng.clean_tok_32800_33600,157532,160338,32800,33600,,D:\cuong python\mon hoc\TIEU LUAN CHUYEN NGANH\MentalHealthChatbot\data\cleaned\9789240049338-eng.clean.txt,,2025-10-11T20:55:45.481025Z,,
9789240049338-eng.clean,9789240049338-eng.clean_tok_33600_34400,160338,163795,33600,34400,,D:\cuong python\mon hoc\TIEU LUAN CHUYEN NGANH\MentalHealthChatbot\data\cleaned\9789240049338-eng.clean.txt,,2025-10-11T20:55:45.481025Z,,
9789240049338-eng.clean,9789240049338-eng.clean_tok_34400_35200,163795,167531,34400,35200,,D:\cuong python\mon hoc\TIEU LUAN CHUYEN NGANH\MentalHealthChatbot\data\cleaned\9789240049338-eng.clean.txt,,2025-10-11T20:55:45.481025Z,,
9789240049338-eng.clean,9789240049338-eng.clean_tok_35200_36000,167531,170850,35200,36000,,D:\cuong python\mon hoc\TIEU LUAN CHUYEN NGANH\MentalHealthChatbot\data\cleaned\9789240049338-eng.clean.txt,,2025-10-11T20:55:45.481025Z,,
9789240049338-eng.clean,9789240049338-eng.clean_tok_36000_36800,170850,174549,36000,36800,,D:\cuong python\mon hoc\TIEU LUAN CHUYEN NGANH\MentalHealthChatbot\data\cleaned\9789240049338-eng.clean.txt,,2025-10-11T20:55:45.481025Z,,
9789240049338-eng.clean,9789240049338-eng.clean_tok_36800_37600,174549,178443,36800,37600,,D:\cuong python\mon hoc\TIEU LUAN CHUYEN NGANH\MentalHealthChatbot\data\cleaned\9789240049338-eng.clean.txt,,2025-10-11T20:55:45.481025Z,,
9789240049338-eng.clean,9789240049338-eng.clean_tok_37600_38400,178443,182106,37600,38400,,D:\cuong python\mon hoc\TIEU LUAN CHUYEN NGANH\MentalHealthChatbot\data\cleaned\9789240049338-eng.clean.txt,,2025-10-11T20:55:45.481025Z,,
9789240049338-eng.clean,9789240049338-eng.clean_tok_38400_39200,182106,185632,38400,39200,,D:\cuong python\mon hoc\TIEU LUAN CHUYEN NGANH\MentalHealthChatbot\data\cleaned\9789240049338-eng.clean.txt,,2025-10-11T20:55:45.481025Z,,
9789240049338-eng.clean,9789240049338-eng.clean_tok_39200_40000,185632,189551,39200,40000,,D:\cuong python\mon hoc\TIEU LUAN CHUYEN NGANH\MentalHealthChatbot\data\cleaned\9789240049338-eng.clean.txt,,2025-10-11T20:55:45.481025Z,,
9789240049338-eng.clean,9789240049338-eng.clean_tok_40000_40800,189551,193493,40000,40800,,D:\cuong python\mon hoc\TIEU LUAN CHUYEN NGANH\MentalHealthChatbot\data\cleaned\9789240049338-eng.clean.txt,,2025-10-11T20:55:45.481025Z,,
9789240049338-eng.clean,9789240049338-eng.clean_tok_40800_41600,193493,197166,40800,41600,,D:\cuong python\mon hoc\TIEU LUAN CHUYEN NGANH\MentalHealthChatbot\data\cleaned\9789240049338-eng.clean.txt,,2025-10-11T20:55:45.481025Z,,
9789240049338-eng.clean,9789240049338-eng.clean_tok_41600_42400,197166,201259,41600,42400,,D:\cuong python\mon hoc\TIEU LUAN CHUYEN NGANH\MentalHealthChatbot\data\cleaned\9789240049338-eng.clean.txt,,2025-10-11T20:55:45.481025Z,,
9789240049338-eng.clean,9789240049338-eng.clean_tok_42400_43200,201259,204990,42400,43200,,D:\cuong python\mon hoc\TIEU LUAN CHUYEN NGANH\MentalHealthChatbot\data\cleaned\9789240049338-eng.clean.txt,,2025-10-11T20:55:45.481025Z,,
9789240049338-eng.clean,9789240049338-eng.clean_tok_43200_44000,204990,209107,43200,44000,,D:\cuong python\mon hoc\TIEU LUAN CHUYEN NGANH\MentalHealthChatbot\data\cleaned\9789240049338-eng.clean.txt,,2025-10-11T20:55:45.481025Z,,
9789240049338-eng.clean,9789240049338-eng.clean_tok_44000_44800,209107,212985,44000,44800,,D:\cuong python\mon hoc\TIEU LUAN CHUYEN NGANH\MentalHealthChatbot\data\cleaned\9789240049338-eng.clean.txt,,2025-10-11T20:55:45.481025Z,,
9789240049338-eng.clean,9789240049338-eng.clean_tok_44800_45600,212985,217002,44800,45600,,D:\cuong python\mon hoc\TIEU LUAN CHUYEN NGANH\MentalHealthChatbot\data\cleaned\9789240049338-eng.clean.txt,,2025-10-11T20:55:45.481025Z,,
9789240049338-eng.clean,9789240049338-eng.clean_tok_45600_46400,217002,221112,45600,46400,,D:\cuong python\mon hoc\TIEU LUAN CHUYEN NGANH\MentalHealthChatbot\data\cleaned\9789240049338-eng.clean.txt,,2025-10-11T20:55:45.481025Z,,
9789240049338-eng.clean,9789240049338-eng.clean_tok_46400_47200,221112,225103,46400,47200,,D:\cuong python\mon hoc\TIEU LUAN CHUYEN NGANH\MentalHealthChatbot\data\cleaned\9789240049338-eng.clean.txt,,2025-10-11T20:55:45.481025Z,,
9789240049338-eng.clean,9789240049338-eng.clean_tok_47200_48000,225103,229199,47200,48000,,D:\cuong python\mon hoc\TIEU LUAN CHUYEN NGANH\MentalHealthChatbot\data\cleaned\9789240049338-eng.clean.txt,,2025-10-11T20:55:45.481025Z,,
9789240049338-eng.clean,9789240049338-eng.clean_tok_48000_48800,229199,233289,48000,48800,,D:\cuong python\mon hoc\TIEU LUAN CHUYEN NGANH\MentalHealthChatbot\data\cleaned\9789240049338-eng.clean.txt,,2025-10-11T20:55:45.481025Z,,
9789240049338-eng.clean,9789240049338-eng.clean_tok_48800_49600,233289,237253,48800,49600,,D:\cuong python\mon hoc\TIEU LUAN CHUYEN NGANH\MentalHealthChatbot\data\cleaned\9789240049338-eng.clean.txt,,2025-10-11T20:55:45.481025Z,,
9789240049338-eng.clean,9789240049338-eng.clean_tok_49600_50400,237253,241270,49600,50400,,D:\cuong python\mon hoc\TIEU LUAN CHUYEN NGANH\MentalHealthChatbot\data\cleaned\9789240049338-eng.clean.txt,,2025-10-11T20:55:45.481025Z,,
9789240049338-eng.clean,9789240049338-eng.clean_tok_50400_51200,241270,245271,50400,51200,,D:\cuong python\mon hoc\TIEU LUAN CHUYEN NGANH\MentalHealthChatbot\data\cleaned\9789240049338-eng.clean.txt,,2025-10-11T20:55:45.481025Z,,
9789240049338-eng.clean,9789240049338-eng.clean_tok_51200_52000,245271,249332,51200,52000,,D:\cuong python\mon hoc\TIEU LUAN CHUYEN NGANH\MentalHealthChatbot\data\cleaned\9789240049338-eng.clean.txt,,2025-10-11T20:55:45.481025Z,,
9789240049338-eng.clean,9789240049338-eng.clean_tok_52000_52800,249332,253413,52000,52800,,D:\cuong python\mon hoc\TIEU LUAN CHUYEN NGANH\MentalHealthChatbot\data\cleaned\9789240049338-eng.clean.txt,,2025-10-11T20:55:45.481025Z,,
9789240049338-eng.clean,9789240049338-eng.clean_tok_52800_53600,253413,257390,52800,53600,,D:\cuong python\mon hoc\TIEU LUAN CHUYEN NGANH\MentalHealthChatbot\data\cleaned\9789240049338-eng.clean.txt,,2025-10-11T20:55:45.481025Z,,
9789240049338-eng.clean,9789240049338-eng.clean_tok_53600_54400,257390,261119,53600,54400,,D:\cuong python\mon hoc\TIEU LUAN CHUYEN NGANH\MentalHealthChatbot\data\cleaned\9789240049338-eng.clean.txt,,2025-10-11T20:55:45.481025Z,,
9789240049338-eng.clean,9789240049338-eng.clean_tok_54400_55200,261119,265264,54400,55200,,D:\cuong python\mon hoc\TIEU LUAN CHUYEN NGANH\MentalHealthChatbot\data\cleaned\9789240049338-eng.clean.txt,,2025-10-11T20:55:45.481025Z,,
9789240049338-eng.clean,9789240049338-eng.clean_tok_55200_56000,265264,269397,55200,56000,,D:\cuong python\mon hoc\TIEU LUAN CHUYEN NGANH\MentalHealthChatbot\data\cleaned\9789240049338-eng.clean.txt,,2025-10-11T20:55:45.481025Z,,
9789240049338-eng.clean,9789240049338-eng.clean_tok_56000_56800,269397,273572,56000,56800,,D:\cuong python\mon hoc\TIEU LUAN CHUYEN NGANH\MentalHealthChatbot\data\cleaned\9789240049338-eng.clean.txt,,2025-10-11T20:55:45.481025Z,,
9789240049338-eng.clean,9789240049338-eng.clean_tok_56800_57600,273572,277548,56800,57600,,D:\cuong python\mon hoc\TIEU LUAN CHUYEN NGANH\MentalHealthChatbot\data\cleaned\9789240049338-eng.clean.txt,,2025-10-11T20:55:45.481025Z,,
9789240049338-eng.clean,9789240049338-eng.clean_tok_57600_58400,277548,281644,57600,58400,,D:\cuong python\mon hoc\TIEU LUAN CHUYEN NGANH\MentalHealthChatbot\data\cleaned\9789240049338-eng.clean.txt,,2025-10-11T20:55:45.481025Z,,
9789240049338-eng.clean,9789240049338-eng.clean_tok_58400_59200,281644,285818,58400,59200,,D:\cuong python\mon hoc\TIEU LUAN CHUYEN NGANH\MentalHealthChatbot\data\cleaned\9789240049338-eng.clean.txt,,2025-10-11T20:55:45.481025Z,,
9789240049338-eng.clean,9789240049338-eng.clean_tok_59200_60000,285818,289813,59200,60000,,D:\cuong python\mon hoc\TIEU LUAN CHUYEN NGANH\MentalHealthChatbot\data\cleaned\9789240049338-eng.clean.txt,,2025-10-11T20:55:45.481025Z,,
9789240049338-eng.clean,9789240049338-eng.clean_tok_60000_60800,289813,293070,60000,60800,,D:\cuong python\mon hoc\TIEU LUAN CHUYEN NGANH\MentalHealthChatbot\data\cleaned\9789240049338-eng.clean.txt,,2025-10-11T20:55:45.481025Z,,
9789240049338-eng.clean,9789240049338-eng.clean_tok_60800_61600,293070,297227,60800,61600,,D:\cuong python\mon hoc\TIEU LUAN CHUYEN NGANH\MentalHealthChatbot\data\cleaned\9789240049338-eng.clean.txt,,2025-10-11T20:55:45.481025Z,,
9789240049338-eng.clean,9789240049338-eng.clean_tok_61600_62400,297227,300944,61600,62400,,D:\cuong python\mon hoc\TIEU LUAN CHUYEN NGANH\MentalHealthChatbot\data\cleaned\9789240049338-eng.clean.txt,,2025-10-11T20:55:45.481025Z,,
9789240049338-eng.clean,9789240049338-eng.clean_tok_62400_63200,300944,304847,62400,63200,,D:\cuong python\mon hoc\TIEU LUAN CHUYEN NGANH\MentalHealthChatbot\data\cleaned\9789240049338-eng.clean.txt,,2025-10-11T20:55:45.481025Z,,
9789240049338-eng.clean,9789240049338-eng.clean_tok_63200_64000,304847,309075,63200,64000,,D:\cuong python\mon hoc\TIEU LUAN CHUYEN NGANH\MentalHealthChatbot\data\cleaned\9789240049338-eng.clean.txt,,2025-10-11T20:55:45.481025Z,,
9789240049338-eng.clean,9789240049338-eng.clean_tok_64000_64800,309075,313213,64000,64800,,D:\cuong python\mon hoc\TIEU LUAN CHUYEN NGANH\MentalHealthChatbot\data\cleaned\9789240049338-eng.clean.txt,,2025-10-11T20:55:45.481025Z,,
9789240049338-eng.clean,9789240049338-eng.clean_tok_64800_65600,313213,317113,64800,65600,,D:\cuong python\mon hoc\TIEU LUAN CHUYEN NGANH\MentalHealthChatbot\data\cleaned\9789240049338-eng.clean.txt,,2025-10-11T20:55:45.481025Z,,
9789240049338-eng.clean,9789240049338-eng.clean_tok_65600_66400,317113,321015,65600,66400,,D:\cuong python\mon hoc\TIEU LUAN CHUYEN NGANH\MentalHealthChatbot\data\cleaned\9789240049338-eng.clean.txt,,2025-10-11T20:55:45.481025Z,,
9789240049338-eng.clean,9789240049338-eng.clean_tok_66400_67200,321015,325274,66400,67200,,D:\cuong python\mon hoc\TIEU LUAN CHUYEN NGANH\MentalHealthChatbot\data\cleaned\9789240049338-eng.clean.txt,,2025-10-11T20:55:45.481025Z,,
9789240049338-eng.clean,9789240049338-eng.clean_tok_67200_68000,325274,329353,67200,68000,,D:\cuong python\mon hoc\TIEU LUAN CHUYEN NGANH\MentalHealthChatbot\data\cleaned\9789240049338-eng.clean.txt,,2025-10-11T20:55:45.481025Z,,
9789240049338-eng.clean,9789240049338-eng.clean_tok_68000_68800,329353,333527,68000,68800,,D:\cuong python\mon hoc\TIEU LUAN CHUYEN NGANH\MentalHealthChatbot\data\cleaned\9789240049338-eng.clean.txt,,2025-10-11T20:55:45.481025Z,,
9789240049338-eng.clean,9789240049338-eng.clean_tok_68800_69600,333527,337301,68800,69600,,D:\cuong python\mon hoc\TIEU LUAN CHUYEN NGANH\MentalHealthChatbot\data\cleaned\9789240049338-eng.clean.txt,,2025-10-11T20:55:45.481025Z,,
9789240049338-eng.clean,9789240049338-eng.clean_tok_69600_70400,337301,341292,69600,70400,,D:\cuong python\mon hoc\TIEU LUAN CHUYEN NGANH\MentalHealthChatbot\data\cleaned\9789240049338-eng.clean.txt,,2025-10-11T20:55:45.481025Z,,
9789240049338-eng.clean,9789240049338-eng.clean_tok_70400_71200,341292,344989,70400,71200,,D:\cuong python\mon hoc\TIEU LUAN CHUYEN NGANH\MentalHealthChatbot\data\cleaned\9789240049338-eng.clean.txt,,2025-10-11T20:55:45.481025Z,,
9789240049338-eng.clean,9789240049338-eng.clean_tok_71200_72000,344989,348786,71200,72000,,D:\cuong python\mon hoc\TIEU LUAN CHUYEN NGANH\MentalHealthChatbot\data\cleaned\9789240049338-eng.clean.txt,,2025-10-11T20:55:45.481025Z,,
9789240049338-eng.clean,9789240049338-eng.clean_tok_72000_72800,348786,353104,72000,72800,,D:\cuong python\mon hoc\TIEU LUAN CHUYEN NGANH\MentalHealthChatbot\data\cleaned\9789240049338-eng.clean.txt,,2025-10-11T20:55:45.481025Z,,
9789240049338-eng.clean,9789240049338-eng.clean_tok_72800_73600,353104,357219,72800,73600,,D:\cuong python\mon hoc\TIEU LUAN CHUYEN NGANH\MentalHealthChatbot\data\cleaned\9789240049338-eng.clean.txt,,2025-10-11T20:55:45.481025Z,,
9789240049338-eng.clean,9789240049338-eng.clean_tok_73600_74400,357219,361249,73600,74400,,D:\cuong python\mon hoc\TIEU LUAN CHUYEN NGANH\MentalHealthChatbot\data\cleaned\9789240049338-eng.clean.txt,,2025-10-11T20:55:45.481025Z,,
9789240049338-eng.clean,9789240049338-eng.clean_tok_74400_75200,361249,365334,74400,75200,,D:\cuong python\mon hoc\TIEU LUAN CHUYEN NGANH\MentalHealthChatbot\data\cleaned\9789240049338-eng.clean.txt,,2025-10-11T20:55:45.481025Z,,
9789240049338-eng.clean,9789240049338-eng.clean_tok_75200_76000,365334,369361,75200,76000,,D:\cuong python\mon hoc\TIEU LUAN CHUYEN NGANH\MentalHealthChatbot\data\cleaned\9789240049338-eng.clean.txt,,2025-10-11T20:55:45.481025Z,,
9789240049338-eng.clean,9789240049338-eng.clean_tok_76000_76800,369361,373387,76000,76800,,D:\cuong python\mon hoc\TIEU LUAN CHUYEN NGANH\MentalHealthChatbot\data\cleaned\9789240049338-eng.clean.txt,,2025-10-11T20:55:45.481025Z,,
9789240049338-eng.clean,9789240049338-eng.clean_tok_76800_77600,373387,377380,76800,77600,,D:\cuong python\mon hoc\TIEU LUAN CHUYEN NGANH\MentalHealthChatbot\data\cleaned\9789240049338-eng.clean.txt,,2025-10-11T20:55:45.481025Z,,
9789240049338-eng.clean,9789240049338-eng.clean_tok_77600_78400,377380,381450,77600,78400,,D:\cuong python\mon hoc\TIEU LUAN CHUYEN NGANH\MentalHealthChatbot\data\cleaned\9789240049338-eng.clean.txt,,2025-10-11T20:55:45.481025Z,,
9789240049338-eng.clean,9789240049338-eng.clean_tok_78400_79200,381450,385575,78400,79200,,D:\cuong python\mon hoc\TIEU LUAN CHUYEN NGANH\MentalHealthChatbot\data\cleaned\9789240049338-eng.clean.txt,,2025-10-11T20:55:45.481025Z,,
9789240049338-eng.clean,9789240049338-eng.clean_tok_79200_80000,385575,389491,79200,80000,,D:\cuong python\mon hoc\TIEU LUAN CHUYEN NGANH\MentalHealthChatbot\data\cleaned\9789240049338-eng.clean.txt,,2025-10-11T20:55:45.481025Z,,
9789240049338-eng.clean,9789240049338-eng.clean_tok_80000_80800,389491,393614,80000,80800,,D:\cuong python\mon hoc\TIEU LUAN CHUYEN NGANH\MentalHealthChatbot\data\cleaned\9789240049338-eng.clean.txt,,2025-10-11T20:55:45.481025Z,,
9789240049338-eng.clean,9789240049338-eng.clean_tok_80800_81600,393614,397585,80800,81600,,D:\cuong python\mon hoc\TIEU LUAN CHUYEN NGANH\MentalHealthChatbot\data\cleaned\9789240049338-eng.clean.txt,,2025-10-11T20:55:45.481025Z,,
9789240049338-eng.clean,9789240049338-eng.clean_tok_81600_82400,397585,401543,81600,82400,,D:\cuong python\mon hoc\TIEU LUAN CHUYEN NGANH\MentalHealthChatbot\data\cleaned\9789240049338-eng.clean.txt,,2025-10-11T20:55:45.481025Z,,
9789240049338-eng.clean,9789240049338-eng.clean_tok_82400_83200,401543,405377,82400,83200,,D:\cuong python\mon hoc\TIEU LUAN CHUYEN NGANH\MentalHealthChatbot\data\cleaned\9789240049338-eng.clean.txt,,2025-10-11T20:55:45.481025Z,,
9789240049338-eng.clean,9789240049338-eng.clean_tok_83200_84000,405377,409213,83200,84000,,D:\cuong python\mon hoc\TIEU LUAN CHUYEN NGANH\MentalHealthChatbot\data\cleaned\9789240049338-eng.clean.txt,,2025-10-11T20:55:45.481025Z,,
9789240049338-eng.clean,9789240049338-eng.clean_tok_84000_84800,409213,413535,84000,84800,,D:\cuong python\mon hoc\TIEU LUAN CHUYEN NGANH\MentalHealthChatbot\data\cleaned\9789240049338-eng.clean.txt,,2025-10-11T20:55:45.481025Z,,
9789240049338-eng.clean,9789240049338-eng.clean_tok_84800_85600,413535,417687,84800,85600,,D:\cuong python\mon hoc\TIEU LUAN CHUYEN NGANH\MentalHealthChatbot\data\cleaned\9789240049338-eng.clean.txt,,2025-10-11T20:55:45.481025Z,,
9789240049338-eng.clean,9789240049338-eng.clean_tok_85600_86400,417687,421595,85600,86400,,D:\cuong python\mon hoc\TIEU LUAN CHUYEN NGANH\MentalHealthChatbot\data\cleaned\9789240049338-eng.clean.txt,,2025-10-11T20:55:45.481025Z,,
9789240049338-eng.clean,9789240049338-eng.clean_tok_86400_87200,421595,425795,86400,87200,,D:\cuong python\mon hoc\TIEU LUAN CHUYEN NGANH\MentalHealthChatbot\data\cleaned\9789240049338-eng.clean.txt,,2025-10-11T20:55:45.481025Z,,
9789240049338-eng.clean,9789240049338-eng.clean_tok_87200_88000,425795,429924,87200,88000,,D:\cuong python\mon hoc\TIEU LUAN CHUYEN NGANH\MentalHealthChatbot\data\cleaned\9789240049338-eng.clean.txt,,2025-10-11T20:55:45.481025Z,,
9789240049338-eng.clean,9789240049338-eng.clean_tok_88000_88800,429924,434081,88000,88800,,D:\cuong python\mon hoc\TIEU LUAN CHUYEN NGANH\MentalHealthChatbot\data\cleaned\9789240049338-eng.clean.txt,,2025-10-11T20:55:45.481025Z,,
9789240049338-eng.clean,9789240049338-eng.clean_tok_88800_89600,434081,438145,88800,89600,,D:\cuong python\mon hoc\TIEU LUAN CHUYEN NGANH\MentalHealthChatbot\data\cleaned\9789240049338-eng.clean.txt,,2025-10-11T20:55:45.481025Z,,
9789240049338-eng.clean,9789240049338-eng.clean_tok_89600_90400,438145,442240,89600,90400,,D:\cuong python\mon hoc\TIEU LUAN CHUYEN NGANH\MentalHealthChatbot\data\cleaned\9789240049338-eng.clean.txt,,2025-10-11T20:55:45.481025Z,,
9789240049338-eng.clean,9789240049338-eng.clean_tok_90400_91200,442240,446592,90400,91200,,D:\cuong python\mon hoc\TIEU LUAN CHUYEN NGANH\MentalHealthChatbot\data\cleaned\9789240049338-eng.clean.txt,,2025-10-11T20:55:45.481025Z,,
9789240049338-eng.clean,9789240049338-eng.clean_tok_91200_92000,446592,450833,91200,92000,,D:\cuong python\mon hoc\TIEU LUAN CHUYEN NGANH\MentalHealthChatbot\data\cleaned\9789240049338-eng.clean.txt,,2025-10-11T20:55:45.481025Z,,
9789240049338-eng.clean,9789240049338-eng.clean_tok_92000_92800,450833,454477,92000,92800,,D:\cuong python\mon hoc\TIEU LUAN CHUYEN NGANH\MentalHealthChatbot\data\cleaned\9789240049338-eng.clean.txt,,2025-10-11T20:55:45.481025Z,,
9789240049338-eng.clean,9789240049338-eng.clean_tok_92800_93600,454477,458490,92800,93600,,D:\cuong python\mon hoc\TIEU LUAN CHUYEN NGANH\MentalHealthChatbot\data\cleaned\9789240049338-eng.clean.txt,,2025-10-11T20:55:45.481025Z,,
9789240049338-eng.clean,9789240049338-eng.clean_tok_93600_94400,458490,461923,93600,94400,,D:\cuong python\mon hoc\TIEU LUAN CHUYEN NGANH\MentalHealthChatbot\data\cleaned\9789240049338-eng.clean.txt,,2025-10-11T20:55:45.481025Z,,
9789240049338-eng.clean,9789240049338-eng.clean_tok_94400_95200,461923,465892,94400,95200,,D:\cuong python\mon hoc\TIEU LUAN CHUYEN NGANH\MentalHealthChatbot\data\cleaned\9789240049338-eng.clean.txt,,2025-10-11T20:55:45.481025Z,,
9789240049338-eng.clean,9789240049338-eng.clean_tok_95200_96000,465892,469966,95200,96000,,D:\cuong python\mon hoc\TIEU LUAN CHUYEN NGANH\MentalHealthChatbot\data\cleaned\9789240049338-eng.clean.txt,,2025-10-11T20:55:45.481025Z,,
9789240049338-eng.clean,9789240049338-eng.clean_tok_96000_96800,469966,474075,96000,96800,,D:\cuong python\mon hoc\TIEU LUAN CHUYEN NGANH\MentalHealthChatbot\data\cleaned\9789240049338-eng.clean.txt,,2025-10-11T20:55:45.481025Z,,
9789240049338-eng.clean,9789240049338-eng.clean_tok_96800_97600,474075,478454,96800,97600,,D:\cuong python\mon hoc\TIEU LUAN CHUYEN NGANH\MentalHealthChatbot\data\cleaned\9789240049338-eng.clean.txt,,2025-10-11T20:55:45.481025Z,,
9789240049338-eng.clean,9789240049338-eng.clean_tok_97600_98400,478454,482539,97600,98400,,D:\cuong python\mon hoc\TIEU LUAN CHUYEN NGANH\MentalHealthChatbot\data\cleaned\9789240049338-eng.clean.txt,,2025-10-11T20:55:45.481025Z,,
9789240049338-eng.clean,9789240049338-eng.clean_tok_98400_99200,482539,486434,98400,99200,,D:\cuong python\mon hoc\TIEU LUAN CHUYEN NGANH\MentalHealthChatbot\data\cleaned\9789240049338-eng.clean.txt,,2025-10-11T20:55:45.481025Z,,
9789240049338-eng.clean,9789240049338-eng.clean_tok_99200_100000,486434,490400,99200,100000,,D:\cuong python\mon hoc\TIEU LUAN CHUYEN NGANH\MentalHealthChatbot\data\cleaned\9789240049338-eng.clean.txt,,2025-10-11T20:55:45.481025Z,,
9789240049338-eng.clean,9789240049338-eng.clean_tok_100000_100800,490400,494252,100000,100800,,D:\cuong python\mon hoc\TIEU LUAN CHUYEN NGANH\MentalHealthChatbot\data\cleaned\9789240049338-eng.clean.txt,,2025-10-11T20:55:45.481025Z,,
9789240049338-eng.clean,9789240049338-eng.clean_tok_100800_101600,494252,498309,100800,101600,,D:\cuong python\mon hoc\TIEU LUAN CHUYEN NGANH\MentalHealthChatbot\data\cleaned\9789240049338-eng.clean.txt,,2025-10-11T20:55:45.481025Z,,
9789240049338-eng.clean,9789240049338-eng.clean_tok_101600_102400,498309,502533,101600,102400,,D:\cuong python\mon hoc\TIEU LUAN CHUYEN NGANH\MentalHealthChatbot\data\cleaned\9789240049338-eng.clean.txt,,2025-10-11T20:55:45.481025Z,,
9789240049338-eng.clean,9789240049338-eng.clean_tok_102400_103200,502533,506662,102400,103200,,D:\cuong python\mon hoc\TIEU LUAN CHUYEN NGANH\MentalHealthChatbot\data\cleaned\9789240049338-eng.clean.txt,,2025-10-11T20:55:45.481025Z,,
9789240049338-eng.clean,9789240049338-eng.clean_tok_103200_104000,506662,510987,103200,104000,,D:\cuong python\mon hoc\TIEU LUAN CHUYEN NGANH\MentalHealthChatbot\data\cleaned\9789240049338-eng.clean.txt,,2025-10-11T20:55:45.481025Z,,
9789240049338-eng.clean,9789240049338-eng.clean_tok_104000_104800,510987,515286,104000,104800,,D:\cuong python\mon hoc\TIEU LUAN CHUYEN NGANH\MentalHealthChatbot\data\cleaned\9789240049338-eng.clean.txt,,2025-10-11T20:55:45.481025Z,,
9789240049338-eng.clean,9789240049338-eng.clean_tok_104800_105600,515286,519502,104800,105600,,D:\cuong python\mon hoc\TIEU LUAN CHUYEN NGANH\MentalHealthChatbot\data\cleaned\9789240049338-eng.clean.txt,,2025-10-11T20:55:45.481025Z,,
9789240049338-eng.clean,9789240049338-eng.clean_tok_105600_106400,519502,523564,105600,106400,,D:\cuong python\mon hoc\TIEU LUAN CHUYEN NGANH\MentalHealthChatbot\data\cleaned\9789240049338-eng.clean.txt,,2025-10-11T20:55:45.481025Z,,
9789240049338-eng.clean,9789240049338-eng.clean_tok_106400_107200,523564,527578,106400,107200,,D:\cuong python\mon hoc\TIEU LUAN CHUYEN NGANH\MentalHealthChatbot\data\cleaned\9789240049338-eng.clean.txt,,2025-10-11T20:55:45.481025Z,,
9789240049338-eng.clean,9789240049338-eng.clean_tok_107200_108000,527578,531679,107200,108000,,D:\cuong python\mon hoc\TIEU LUAN CHUYEN NGANH\MentalHealthChatbot\data\cleaned\9789240049338-eng.clean.txt,,2025-10-11T20:55:45.481025Z,,
9789240049338-eng.clean,9789240049338-eng.clean_tok_108000_108800,531679,535665,108000,108800,,D:\cuong python\mon hoc\TIEU LUAN CHUYEN NGANH\MentalHealthChatbot\data\cleaned\9789240049338-eng.clean.txt,,2025-10-11T20:55:45.481025Z,,
9789240049338-eng.clean,9789240049338-eng.clean_tok_108800_109600,535665,539810,108800,109600,,D:\cuong python\mon hoc\TIEU LUAN CHUYEN NGANH\MentalHealthChatbot\data\cleaned\9789240049338-eng.clean.txt,,2025-10-11T20:55:45.481025Z,,
9789240049338-eng.clean,9789240049338-eng.clean_tok_109600_110400,539810,544229,109600,110400,,D:\cuong python\mon hoc\TIEU LUAN CHUYEN NGANH\MentalHealthChatbot\data\cleaned\9789240049338-eng.clean.txt,,2025-10-11T20:55:45.481025Z,,
9789240049338-eng.clean,9789240049338-eng.clean_tok_110400_111200,544229,548338,110400,111200,,D:\cuong python\mon hoc\TIEU LUAN CHUYEN NGANH\MentalHealthChatbot\data\cleaned\9789240049338-eng.clean.txt,,2025-10-11T20:55:45.481025Z,,
9789240049338-eng.clean,9789240049338-eng.clean_tok_111200_112000,548338,552318,111200,112000,,D:\cuong python\mon hoc\TIEU LUAN CHUYEN NGANH\MentalHealthChatbot\data\cleaned\9789240049338-eng.clean.txt,,2025-10-11T20:55:45.481025Z,,
9789240049338-eng.clean,9789240049338-eng.clean_tok_112000_112800,552318,556025,112000,112800,,D:\cuong python\mon hoc\TIEU LUAN CHUYEN NGANH\MentalHealthChatbot\data\cleaned\9789240049338-eng.clean.txt,,2025-10-11T20:55:45.481025Z,,
9789240049338-eng.clean,9789240049338-eng.clean_tok_112800_113600,556025,559900,112800,113600,,D:\cuong python\mon hoc\TIEU LUAN CHUYEN NGANH\MentalHealthChatbot\data\cleaned\9789240049338-eng.clean.txt,,2025-10-11T20:55:45.481025Z,,
9789240049338-eng.clean,9789240049338-eng.clean_tok_113600_114400,559900,563962,113600,114400,,D:\cuong python\mon hoc\TIEU LUAN CHUYEN NGANH\MentalHealthChatbot\data\cleaned\9789240049338-eng.clean.txt,,2025-10-11T20:55:45.481025Z,,
9789240049338-eng.clean,9789240049338-eng.clean_tok_114400_115200,563962,567990,114400,115200,,D:\cuong python\mon hoc\TIEU LUAN CHUYEN NGANH\MentalHealthChatbot\data\cleaned\9789240049338-eng.clean.txt,,2025-10-11T20:55:45.481025Z,,
9789240049338-eng.clean,9789240049338-eng.clean_tok_115200_116000,567990,571815,115200,116000,,D:\cuong python\mon hoc\TIEU LUAN CHUYEN NGANH\MentalHealthChatbot\data\cleaned\9789240049338-eng.clean.txt,,2025-10-11T20:55:45.481025Z,,
9789240049338-eng.clean,9789240049338-eng.clean_tok_116000_116800,571815,575757,116000,116800,,D:\cuong python\mon hoc\TIEU LUAN CHUYEN NGANH\MentalHealthChatbot\data\cleaned\9789240049338-eng.clean.txt,,2025-10-11T20:55:45.481025Z,,
9789240049338-eng.clean,9789240049338-eng.clean_tok_116800_117600,575757,579569,116800,117600,,D:\cuong python\mon hoc\TIEU LUAN CHUYEN NGANH\MentalHealthChatbot\data\cleaned\9789240049338-eng.clean.txt,,2025-10-11T20:55:45.481025Z,,
9789240049338-eng.clean,9789240049338-eng.clean_tok_117600_118400,579569,583517,117600,118400,,D:\cuong python\mon hoc\TIEU LUAN CHUYEN NGANH\MentalHealthChatbot\data\cleaned\9789240049338-eng.clean.txt,,2025-10-11T20:55:45.481025Z,,
9789240049338-eng.clean,9789240049338-eng.clean_tok_118400_119200,583517,587284,118400,119200,,D:\cuong python\mon hoc\TIEU LUAN CHUYEN NGANH\MentalHealthChatbot\data\cleaned\9789240049338-eng.clean.txt,,2025-10-11T20:55:45.481025Z,,
9789240049338-eng.clean,9789240049338-eng.clean_tok_119200_120000,587284,591295,119200,120000,,D:\cuong python\mon hoc\TIEU LUAN CHUYEN NGANH\MentalHealthChatbot\data\cleaned\9789240049338-eng.clean.txt,,2025-10-11T20:55:45.481025Z,,
9789240049338-eng.clean,9789240049338-eng.clean_tok_120000_120800,591295,595351,120000,120800,,D:\cuong python\mon hoc\TIEU LUAN CHUYEN NGANH\MentalHealthChatbot\data\cleaned\9789240049338-eng.clean.txt,,2025-10-11T20:55:45.481025Z,,
9789240049338-eng.clean,9789240049338-eng.clean_tok_120800_121600,595351,599398,120800,121600,,D:\cuong python\mon hoc\TIEU LUAN CHUYEN NGANH\MentalHealthChatbot\data\cleaned\9789240049338-eng.clean.txt,,2025-10-11T20:55:45.481025Z,,
9789240049338-eng.clean,9789240049338-eng.clean_tok_121600_122400,599398,603556,121600,122400,,D:\cuong python\mon hoc\TIEU LUAN CHUYEN NGANH\MentalHealthChatbot\data\cleaned\9789240049338-eng.clean.txt,,2025-10-11T20:55:45.481025Z,,
9789240049338-eng.clean,9789240049338-eng.clean_tok_122400_123200,603556,607533,122400,123200,,D:\cuong python\mon hoc\TIEU LUAN CHUYEN NGANH\MentalHealthChatbot\data\cleaned\9789240049338-eng.clean.txt,,2025-10-11T20:55:45.481025Z,,
9789240049338-eng.clean,9789240049338-eng.clean_tok_123200_124000,607533,611437,123200,124000,,D:\cuong python\mon hoc\TIEU LUAN CHUYEN NGANH\MentalHealthChatbot\data\cleaned\9789240049338-eng.clean.txt,,2025-10-11T20:55:45.481025Z,,
9789240049338-eng.clean,9789240049338-eng.clean_tok_124000_124800,611437,615579,124000,124800,,D:\cuong python\mon hoc\TIEU LUAN CHUYEN NGANH\MentalHealthChatbot\data\cleaned\9789240049338-eng.clean.txt,,2025-10-11T20:55:45.481025Z,,
9789240049338-eng.clean,9789240049338-eng.clean_tok_124800_125600,615579,619657,124800,125600,,D:\cuong python\mon hoc\TIEU LUAN CHUYEN NGANH\MentalHealthChatbot\data\cleaned\9789240049338-eng.clean.txt,,2025-10-11T20:55:45.481025Z,,
9789240049338-eng.clean,9789240049338-eng.clean_tok_125600_126400,619657,623505,125600,126400,,D:\cuong python\mon hoc\TIEU LUAN CHUYEN NGANH\MentalHealthChatbot\data\cleaned\9789240049338-eng.clean.txt,,2025-10-11T20:55:45.481025Z,,
9789240049338-eng.clean,9789240049338-eng.clean_tok_126400_127200,623505,627418,126400,127200,,D:\cuong python\mon hoc\TIEU LUAN CHUYEN NGANH\MentalHealthChatbot\data\cleaned\9789240049338-eng.clean.txt,,2025-10-11T20:55:45.481025Z,,
9789240049338-eng.clean,9789240049338-eng.clean_tok_127200_128000,627418,631094,127200,128000,,D:\cuong python\mon hoc\TIEU LUAN CHUYEN NGANH\MentalHealthChatbot\data\cleaned\9789240049338-eng.clean.txt,,2025-10-11T20:55:45.481025Z,,
9789240049338-eng.clean,9789240049338-eng.clean_tok_128000_128800,631094,635303,128000,128800,,D:\cuong python\mon hoc\TIEU LUAN CHUYEN NGANH\MentalHealthChatbot\data\cleaned\9789240049338-eng.clean.txt,,2025-10-11T20:55:45.481025Z,,
9789240049338-eng.clean,9789240049338-eng.clean_tok_128800_129600,635303,639333,128800,129600,,D:\cuong python\mon hoc\TIEU LUAN CHUYEN NGANH\MentalHealthChatbot\data\cleaned\9789240049338-eng.clean.txt,,2025-10-11T20:55:45.481025Z,,
9789240049338-eng.clean,9789240049338-eng.clean_tok_129600_130400,639333,643234,129600,130400,,D:\cuong python\mon hoc\TIEU LUAN CHUYEN NGANH\MentalHealthChatbot\data\cleaned\9789240049338-eng.clean.txt,,2025-10-11T20:55:45.481025Z,,
9789240049338-eng.clean,9789240049338-eng.clean_tok_130400_131200,643234,647315,130400,131200,,D:\cuong python\mon hoc\TIEU LUAN CHUYEN NGANH\MentalHealthChatbot\data\cleaned\9789240049338-eng.clean.txt,,2025-10-11T20:55:45.481025Z,,
9789240049338-eng.clean,9789240049338-eng.clean_tok_131200_132000,647315,651518,131200,132000,,D:\cuong python\mon hoc\TIEU LUAN CHUYEN NGANH\MentalHealthChatbot\data\cleaned\9789240049338-eng.clean.txt,,2025-10-11T20:55:45.481025Z,,
9789240049338-eng.clean,9789240049338-eng.clean_tok_132000_132800,651518,655600,132000,132800,,D:\cuong python\mon hoc\TIEU LUAN CHUYEN NGANH\MentalHealthChatbot\data\cleaned\9789240049338-eng.clean.txt,,2025-10-11T20:55:45.481025Z,,
9789240049338-eng.clean,9789240049338-eng.clean_tok_132800_133600,655600,659632,132800,133600,,D:\cuong python\mon hoc\TIEU LUAN CHUYEN NGANH\MentalHealthChatbot\data\cleaned\9789240049338-eng.clean.txt,,2025-10-11T20:55:45.481025Z,,
9789240049338-eng.clean,9789240049338-eng.clean_tok_133600_134400,659632,664062,133600,134400,,D:\cuong python\mon hoc\TIEU LUAN CHUYEN NGANH\MentalHealthChatbot\data\cleaned\9789240049338-eng.clean.txt,,2025-10-11T20:55:45.481025Z,,
9789240049338-eng.clean,9789240049338-eng.clean_tok_134400_135200,664062,668345,134400,135200,,D:\cuong python\mon hoc\TIEU LUAN CHUYEN NGANH\MentalHealthChatbot\data\cleaned\9789240049338-eng.clean.txt,,2025-10-11T20:55:45.481025Z,,
9789240049338-eng.clean,9789240049338-eng.clean_tok_135200_136000,668345,672007,135200,136000,,D:\cuong python\mon hoc\TIEU LUAN CHUYEN NGANH\MentalHealthChatbot\data\cleaned\9789240049338-eng.clean.txt,,2025-10-11T20:55:45.481025Z,,
9789240049338-eng.clean,9789240049338-eng.clean_tok_136000_136800,672007,676100,136000,136800,,D:\cuong python\mon hoc\TIEU LUAN CHUYEN NGANH\MentalHealthChatbot\data\cleaned\9789240049338-eng.clean.txt,,2025-10-11T20:55:45.481025Z,,
9789240049338-eng.clean,9789240049338-eng.clean_tok_136800_137600,676100,680277,136800,137600,,D:\cuong python\mon hoc\TIEU LUAN CHUYEN NGANH\MentalHealthChatbot\data\cleaned\9789240049338-eng.clean.txt,,2025-10-11T20:55:45.481025Z,,
9789240049338-eng.clean,9789240049338-eng.clean_tok_137600_138400,680277,684631,137600,138400,,D:\cuong python\mon hoc\TIEU LUAN CHUYEN NGANH\MentalHealthChatbot\data\cleaned\9789240049338-eng.clean.txt,,2025-10-11T20:55:45.481025Z,,
9789240049338-eng.clean,9789240049338-eng.clean_tok_138400_139200,684631,688730,138400,139200,,D:\cuong python\mon hoc\TIEU LUAN CHUYEN NGANH\MentalHealthChatbot\data\cleaned\9789240049338-eng.clean.txt,,2025-10-11T20:55:45.481025Z,,
9789240049338-eng.clean,9789240049338-eng.clean_tok_139200_140000,688730,692566,139200,140000,,D:\cuong python\mon hoc\TIEU LUAN CHUYEN NGANH\MentalHealthChatbot\data\cleaned\9789240049338-eng.clean.txt,,2025-10-11T20:55:45.481025Z,,
9789240049338-eng.clean,9789240049338-eng.clean_tok_140000_140800,692566,695160,140000,140800,,D:\cuong python\mon hoc\TIEU LUAN CHUYEN NGANH\MentalHealthChatbot\data\cleaned\9789240049338-eng.clean.txt,,2025-10-11T20:55:45.481025Z,,
9789240049338-eng.clean,9789240049338-eng.clean_tok_140800_141600,695160,697812,140800,141600,,D:\cuong python\mon hoc\TIEU LUAN CHUYEN NGANH\MentalHealthChatbot\data\cleaned\9789240049338-eng.clean.txt,,2025-10-11T20:55:45.481025Z,,
9789240049338-eng.clean,9789240049338-eng.clean_tok_141600_142400,697812,700552,141600,142400,,D:\cuong python\mon hoc\TIEU LUAN CHUYEN NGANH\MentalHealthChatbot\data\cleaned\9789240049338-eng.clean.txt,,2025-10-11T20:55:45.481025Z,,
9789240049338-eng.clean,9789240049338-eng.clean_tok_142400_143200,700552,703211,142400,143200,,D:\cuong python\mon hoc\TIEU LUAN CHUYEN NGANH\MentalHealthChatbot\data\cleaned\9789240049338-eng.clean.txt,,2025-10-11T20:55:45.481025Z,,
9789240049338-eng.clean,9789240049338-eng.clean_tok_143200_144000,703211,705831,143200,144000,,D:\cuong python\mon hoc\TIEU LUAN CHUYEN NGANH\MentalHealthChatbot\data\cleaned\9789240049338-eng.clean.txt,,2025-10-11T20:55:45.481025Z,,
9789240049338-eng.clean,9789240049338-eng.clean_tok_144000_144800,705831,708700,144000,144800,,D:\cuong python\mon hoc\TIEU LUAN CHUYEN NGANH\MentalHealthChatbot\data\cleaned\9789240049338-eng.clean.txt,,2025-10-11T20:55:45.481025Z,,
9789240049338-eng.clean,9789240049338-eng.clean_tok_144800_145600,708700,711456,144800,145600,,D:\cuong python\mon hoc\TIEU LUAN CHUYEN NGANH\MentalHealthChatbot\data\cleaned\9789240049338-eng.clean.txt,,2025-10-11T20:55:45.481025Z,,
9789240049338-eng.clean,9789240049338-eng.clean_tok_145600_146400,711456,713937,145600,146400,,D:\cuong python\mon hoc\TIEU LUAN CHUYEN NGANH\MentalHealthChatbot\data\cleaned\9789240049338-eng.clean.txt,,2025-10-11T20:55:45.481025Z,,
9789240049338-eng.clean,9789240049338-eng.clean_tok_146400_147200,713937,716483,146400,147200,,D:\cuong python\mon hoc\TIEU LUAN CHUYEN NGANH\MentalHealthChatbot\data\cleaned\9789240049338-eng.clean.txt,,2025-10-11T20:55:45.481025Z,,
9789240049338-eng.clean,9789240049338-eng.clean_tok_147200_148000,716483,719072,147200,148000,,D:\cuong python\mon hoc\TIEU LUAN CHUYEN NGANH\MentalHealthChatbot\data\cleaned\9789240049338-eng.clean.txt,,2025-10-11T20:55:45.481025Z,,
9789240049338-eng.clean,9789240049338-eng.clean_tok_148000_148800,719072,721659,148000,148800,,D:\cuong python\mon hoc\TIEU LUAN CHUYEN NGANH\MentalHealthChatbot\data\cleaned\9789240049338-eng.clean.txt,,2025-10-11T20:55:45.481025Z,,
9789240049338-eng.clean,9789240049338-eng.clean_tok_148800_149600,721659,724258,148800,149600,,D:\cuong python\mon hoc\TIEU LUAN CHUYEN NGANH\MentalHealthChatbot\data\cleaned\9789240049338-eng.clean.txt,,2025-10-11T20:55:45.481025Z,,
9789240049338-eng.clean,9789240049338-eng.clean_tok_149600_150400,724258,726828,149600,150400,,D:\cuong python\mon hoc\TIEU LUAN CHUYEN NGANH\MentalHealthChatbot\data\cleaned\9789240049338-eng.clean.txt,,2025-10-11T20:55:45.481025Z,,
9789240049338-eng.clean,9789240049338-eng.clean_tok_150400_151200,726828,729576,150400,151200,,D:\cuong python\mon hoc\TIEU LUAN CHUYEN NGANH\MentalHealthChatbot\data\cleaned\9789240049338-eng.clean.txt,,2025-10-11T20:55:45.481025Z,,
9789240049338-eng.clean,9789240049338-eng.clean_tok_151200_152000,729576,732245,151200,152000,,D:\cuong python\mon hoc\TIEU LUAN CHUYEN NGANH\MentalHealthChatbot\data\cleaned\9789240049338-eng.clean.txt,,2025-10-11T20:55:45.481025Z,,
9789240049338-eng.clean,9789240049338-eng.clean_tok_152000_152800,732245,734965,152000,152800,,D:\cuong python\mon hoc\TIEU LUAN CHUYEN NGANH\MentalHealthChatbot\data\cleaned\9789240049338-eng.clean.txt,,2025-10-11T20:55:45.481025Z,,
9789240049338-eng.clean,9789240049338-eng.clean_tok_152800_153600,734965,737771,152800,153600,,D:\cuong python\mon hoc\TIEU LUAN CHUYEN NGANH\MentalHealthChatbot\data\cleaned\9789240049338-eng.clean.txt,,2025-10-11T20:55:45.481025Z,,
9789240049338-eng.clean,9789240049338-eng.clean_tok_153600_154400,737771,740496,153600,154400,,D:\cuong python\mon hoc\TIEU LUAN CHUYEN NGANH\MentalHealthChatbot\data\cleaned\9789240049338-eng.clean.txt,,2025-10-11T20:55:45.481025Z,,
9789240049338-eng.clean,9789240049338-eng.clean_tok_154400_155200,740496,743250,154400,155200,,D:\cuong python\mon hoc\TIEU LUAN CHUYEN NGANH\MentalHealthChatbot\data\cleaned\9789240049338-eng.clean.txt,,2025-10-11T20:55:45.481025Z,,
9789240049338-eng.clean,9789240049338-eng.clean_tok_155200_156000,743250,746035,155200,156000,,D:\cuong python\mon hoc\TIEU LUAN CHUYEN NGANH\MentalHealthChatbot\data\cleaned\9789240049338-eng.clean.txt,,2025-10-11T20:55:45.481025Z,,
9789240049338-eng.clean,9789240049338-eng.clean_tok_156000_156800,746035,748920,156000,156800,,D:\cuong python\mon hoc\TIEU LUAN CHUYEN NGANH\MentalHealthChatbot\data\cleaned\9789240049338-eng.clean.txt,,2025-10-11T20:55:45.481025Z,,
9789240049338-eng.clean,9789240049338-eng.clean_tok_156800_157600,748920,751739,156800,157600,,D:\cuong python\mon hoc\TIEU LUAN CHUYEN NGANH\MentalHealthChatbot\data\cleaned\9789240049338-eng.clean.txt,,2025-10-11T20:55:45.481025Z,,
9789240049338-eng.clean,9789240049338-eng.clean_tok_157600_158400,751739,754364,157600,158400,,D:\cuong python\mon hoc\TIEU LUAN CHUYEN NGANH\MentalHealthChatbot\data\cleaned\9789240049338-eng.clean.txt,,2025-10-11T20:55:45.481025Z,,
9789240049338-eng.clean,9789240049338-eng.clean_tok_158400_159200,754364,757092,158400,159200,,D:\cuong python\mon hoc\TIEU LUAN CHUYEN NGANH\MentalHealthChatbot\data\cleaned\9789240049338-eng.clean.txt,,2025-10-11T20:55:45.481025Z,,
9789240049338-eng.clean,9789240049338-eng.clean_tok_159200_160000,757092,759946,159200,160000,,D:\cuong python\mon hoc\TIEU LUAN CHUYEN NGANH\MentalHealthChatbot\data\cleaned\9789240049338-eng.clean.txt,,2025-10-11T20:55:45.481025Z,,
9789240049338-eng.clean,9789240049338-eng.clean_tok_160000_160800,759946,762571,160000,160800,,D:\cuong python\mon hoc\TIEU LUAN CHUYEN NGANH\MentalHealthChatbot\data\cleaned\9789240049338-eng.clean.txt,,2025-10-11T20:55:45.481025Z,,
9789240049338-eng.clean,9789240049338-eng.clean_tok_160800_161600,762571,765252,160800,161600,,D:\cuong python\mon hoc\TIEU LUAN CHUYEN NGANH\MentalHealthChatbot\data\cleaned\9789240049338-eng.clean.txt,,2025-10-11T20:55:45.481025Z,,
9789240049338-eng.clean,9789240049338-eng.clean_tok_161600_162400,765252,767846,161600,162400,,D:\cuong python\mon hoc\TIEU LUAN CHUYEN NGANH\MentalHealthChatbot\data\cleaned\9789240049338-eng.clean.txt,,2025-10-11T20:55:45.481025Z,,
9789240049338-eng.clean,9789240049338-eng.clean_tok_162400_163200,767846,770505,162400,163200,,D:\cuong python\mon hoc\TIEU LUAN CHUYEN NGANH\MentalHealthChatbot\data\cleaned\9789240049338-eng.clean.txt,,2025-10-11T20:55:45.481025Z,,
9789240049338-eng.clean,9789240049338-eng.clean_tok_163200_164000,770505,773226,163200,164000,,D:\cuong python\mon hoc\TIEU LUAN CHUYEN NGANH\MentalHealthChatbot\data\cleaned\9789240049338-eng.clean.txt,,2025-10-11T20:55:45.481025Z,,
9789240049338-eng.clean,9789240049338-eng.clean_tok_164000_164800,773226,775882,164000,164800,,D:\cuong python\mon hoc\TIEU LUAN CHUYEN NGANH\MentalHealthChatbot\data\cleaned\9789240049338-eng.clean.txt,,2025-10-11T20:55:45.481025Z,,
9789240049338-eng.clean,9789240049338-eng.clean_tok_164800_165600,775882,778436,164800,165600,,D:\cuong python\mon hoc\TIEU LUAN CHUYEN NGANH\MentalHealthChatbot\data\cleaned\9789240049338-eng.clean.txt,,2025-10-11T20:55:45.481025Z,,
9789240049338-eng.clean,9789240049338-eng.clean_tok_165600_166400,778436,781102,165600,166400,,D:\cuong python\mon hoc\TIEU LUAN CHUYEN NGANH\MentalHealthChatbot\data\cleaned\9789240049338-eng.clean.txt,,2025-10-11T20:55:45.481025Z,,
9789240049338-eng.clean,9789240049338-eng.clean_tok_166400_167200,781102,783845,166400,167200,,D:\cuong python\mon hoc\TIEU LUAN CHUYEN NGANH\MentalHealthChatbot\data\cleaned\9789240049338-eng.clean.txt,,2025-10-11T20:55:45.481025Z,,
9789240049338-eng.clean,9789240049338-eng.clean_tok_167200_168000,783845,786473,167200,168000,,D:\cuong python\mon hoc\TIEU LUAN CHUYEN NGANH\MentalHealthChatbot\data\cleaned\9789240049338-eng.clean.txt,,2025-10-11T20:55:45.481025Z,,
9789240049338-eng.clean,9789240049338-eng.clean_tok_168000_168800,786473,788986,168000,168800,,D:\cuong python\mon hoc\TIEU LUAN CHUYEN NGANH\MentalHealthChatbot\data\cleaned\9789240049338-eng.clean.txt,,2025-10-11T20:55:45.481025Z,,
9789240049338-eng.clean,9789240049338-eng.clean_tok_168800_169600,788986,791876,168800,169600,,D:\cuong python\mon hoc\TIEU LUAN CHUYEN NGANH\MentalHealthChatbot\data\cleaned\9789240049338-eng.clean.txt,,2025-10-11T20:55:45.481025Z,,
9789240049338-eng.clean,9789240049338-eng.clean_tok_169600_170400,791876,794544,169600,170400,,D:\cuong python\mon hoc\TIEU LUAN CHUYEN NGANH\MentalHealthChatbot\data\cleaned\9789240049338-eng.clean.txt,,2025-10-11T20:55:45.481025Z,,
9789240049338-eng.clean,9789240049338-eng.clean_tok_170400_171200,794544,797281,170400,171200,,D:\cuong python\mon hoc\TIEU LUAN CHUYEN NGANH\MentalHealthChatbot\data\cleaned\9789240049338-eng.clean.txt,,2025-10-11T20:55:45.481025Z,,
9789240049338-eng.clean,9789240049338-eng.clean_tok_171200_172000,797281,799918,171200,172000,,D:\cuong python\mon hoc\TIEU LUAN CHUYEN NGANH\MentalHealthChatbot\data\cleaned\9789240049338-eng.clean.txt,,2025-10-11T20:55:45.481025Z,,
9789240049338-eng.clean,9789240049338-eng.clean_tok_172000_172800,799918,802477,172000,172800,,D:\cuong python\mon hoc\TIEU LUAN CHUYEN NGANH\MentalHealthChatbot\data\cleaned\9789240049338-eng.clean.txt,,2025-10-11T20:55:45.481025Z,,
9789240049338-eng.clean,9789240049338-eng.clean_tok_172800_173600,802477,805145,172800,173600,,D:\cuong python\mon hoc\TIEU LUAN CHUYEN NGANH\MentalHealthChatbot\data\cleaned\9789240049338-eng.clean.txt,,2025-10-11T20:55:45.481025Z,,
9789240049338-eng.clean,9789240049338-eng.clean_tok_173600_174400,805145,807828,173600,174400,,D:\cuong python\mon hoc\TIEU LUAN CHUYEN NGANH\MentalHealthChatbot\data\cleaned\9789240049338-eng.clean.txt,,2025-10-11T20:55:45.481025Z,,
9789240049338-eng.clean,9789240049338-eng.clean_tok_174400_175200,807828,810285,174400,175200,,D:\cuong python\mon hoc\TIEU LUAN CHUYEN NGANH\MentalHealthChatbot\data\cleaned\9789240049338-eng.clean.txt,,2025-10-11T20:55:45.481025Z,,
9789240049338-eng.clean,9789240049338-eng.clean_tok_175200_176000,810285,812982,175200,176000,,D:\cuong python\mon hoc\TIEU LUAN CHUYEN NGANH\MentalHealthChatbot\data\cleaned\9789240049338-eng.clean.txt,,2025-10-11T20:55:45.481025Z,,
9789240049338-eng.clean,9789240049338-eng.clean_tok_176000_176800,812982,815681,176000,176800,,D:\cuong python\mon hoc\TIEU LUAN CHUYEN NGANH\MentalHealthChatbot\data\cleaned\9789240049338-eng.clean.txt,,2025-10-11T20:55:45.481025Z,,
9789240049338-eng.clean,9789240049338-eng.clean_tok_176800_177600,815681,818434,176800,177600,,D:\cuong python\mon hoc\TIEU LUAN CHUYEN NGANH\MentalHealthChatbot\data\cleaned\9789240049338-eng.clean.txt,,2025-10-11T20:55:45.481025Z,,
9789240049338-eng.clean,9789240049338-eng.clean_tok_177600_178400,818434,821207,177600,178400,,D:\cuong python\mon hoc\TIEU LUAN CHUYEN NGANH\MentalHealthChatbot\data\cleaned\9789240049338-eng.clean.txt,,2025-10-11T20:55:45.481025Z,,
9789240049338-eng.clean,9789240049338-eng.clean_tok_178400_179200,821207,823983,178400,179200,,D:\cuong python\mon hoc\TIEU LUAN CHUYEN NGANH\MentalHealthChatbot\data\cleaned\9789240049338-eng.clean.txt,,2025-10-11T20:55:45.481025Z,,
9789240049338-eng.clean,9789240049338-eng.clean_tok_179200_180000,823983,826652,179200,180000,,D:\cuong python\mon hoc\TIEU LUAN CHUYEN NGANH\MentalHealthChatbot\data\cleaned\9789240049338-eng.clean.txt,,2025-10-11T20:55:45.481025Z,,
9789240049338-eng.clean,9789240049338-eng.clean_tok_180000_180800,826652,829069,180000,180800,,D:\cuong python\mon hoc\TIEU LUAN CHUYEN NGANH\MentalHealthChatbot\data\cleaned\9789240049338-eng.clean.txt,,2025-10-11T20:55:45.481025Z,,
9789240049338-eng.clean,9789240049338-eng.clean_tok_180800_180972,829069,829942,180800,180972,,D:\cuong python\mon hoc\TIEU LUAN CHUYEN NGANH\MentalHealthChatbot\data\cleaned\9789240049338-eng.clean.txt,,2025-10-11T20:55:45.481025Z,,
9789240053052-eng.clean,9789240053052-eng.clean_tok_0_800,0,4122,0,800,,D:\cuong python\mon hoc\TIEU LUAN CHUYEN NGANH\MentalHealthChatbot\data\cleaned\9789240053052-eng.clean.txt,,2025-10-11T20:55:45.917966Z,,
9789240053052-eng.clean,9789240053052-eng.clean_tok_800_1600,4122,9535,800,1600,,D:\cuong python\mon hoc\TIEU LUAN CHUYEN NGANH\MentalHealthChatbot\data\cleaned\9789240053052-eng.clean.txt,,2025-10-11T20:55:45.917966Z,,
9789240053052-eng.clean,9789240053052-eng.clean_tok_1600_2400,9535,13381,1600,2400,,D:\cuong python\mon hoc\TIEU LUAN CHUYEN NGANH\MentalHealthChatbot\data\cleaned\9789240053052-eng.clean.txt,,2025-10-11T20:55:45.917966Z,,
9789240053052-eng.clean,9789240053052-eng.clean_tok_2400_3200,13381,16765,2400,3200,,D:\cuong python\mon hoc\TIEU LUAN CHUYEN NGANH\MentalHealthChatbot\data\cleaned\9789240053052-eng.clean.txt,,2025-10-11T20:55:45.917966Z,,
9789240053052-eng.clean,9789240053052-eng.clean_tok_3200_4000,16765,20103,3200,4000,,D:\cuong python\mon hoc\TIEU LUAN CHUYEN NGANH\MentalHealthChatbot\data\cleaned\9789240053052-eng.clean.txt,,2025-10-11T20:55:45.917966Z,,
9789240053052-eng.clean,9789240053052-eng.clean_tok_4000_4800,20103,24505,4000,4800,,D:\cuong python\mon hoc\TIEU LUAN CHUYEN NGANH\MentalHealthChatbot\data\cleaned\9789240053052-eng.clean.txt,,2025-10-11T20:55:45.917966Z,,
9789240053052-eng.clean,9789240053052-eng.clean_tok_4800_5600,24505,29041,4800,5600,,D:\cuong python\mon hoc\TIEU LUAN CHUYEN NGANH\MentalHealthChatbot\data\cleaned\9789240053052-eng.clean.txt,,2025-10-11T20:55:45.917966Z,,
9789240053052-eng.clean,9789240053052-eng.clean_tok_5600_6400,29041,33256,5600,6400,,D:\cuong python\mon hoc\TIEU LUAN CHUYEN NGANH\MentalHealthChatbot\data\cleaned\9789240053052-eng.clean.txt,,2025-10-11T20:55:45.917966Z,,
9789240053052-eng.clean,9789240053052-eng.clean_tok_6400_7200,33256,37061,6400,7200,,D:\cuong python\mon hoc\TIEU LUAN CHUYEN NGANH\MentalHealthChatbot\data\cleaned\9789240053052-eng.clean.txt,,2025-10-11T20:55:45.917966Z,,
9789240053052-eng.clean,9789240053052-eng.clean_tok_7200_8000,37061,41154,7200,8000,,D:\cuong python\mon hoc\TIEU LUAN CHUYEN NGANH\MentalHealthChatbot\data\cleaned\9789240053052-eng.clean.txt,,2025-10-11T20:55:45.917966Z,,
9789240053052-eng.clean,9789240053052-eng.clean_tok_8000_8800,41154,45399,8000,8800,,D:\cuong python\mon hoc\TIEU LUAN CHUYEN NGANH\MentalHealthChatbot\data\cleaned\9789240053052-eng.clean.txt,,2025-10-11T20:55:45.917966Z,,
9789240053052-eng.clean,9789240053052-eng.clean_tok_8800_9600,45399,49751,8800,9600,,D:\cuong python\mon hoc\TIEU LUAN CHUYEN NGANH\MentalHealthChatbot\data\cleaned\9789240053052-eng.clean.txt,,2025-10-11T20:55:45.917966Z,,
9789240053052-eng.clean,9789240053052-eng.clean_tok_9600_10400,49751,53686,9600,10400,,D:\cuong python\mon hoc\TIEU LUAN CHUYEN NGANH\MentalHealthChatbot\data\cleaned\9789240053052-eng.clean.txt,,2025-10-11T20:55:45.917966Z,,
9789240053052-eng.clean,9789240053052-eng.clean_tok_10400_11200,53686,58147,10400,11200,,D:\cuong python\mon hoc\TIEU LUAN CHUYEN NGANH\MentalHealthChatbot\data\cleaned\9789240053052-eng.clean.txt,,2025-10-11T20:55:45.917966Z,,
9789240053052-eng.clean,9789240053052-eng.clean_tok_11200_12000,58147,62190,11200,12000,,D:\cuong python\mon hoc\TIEU LUAN CHUYEN NGANH\MentalHealthChatbot\data\cleaned\9789240053052-eng.clean.txt,,2025-10-11T20:55:45.917966Z,,
9789240053052-eng.clean,9789240053052-eng.clean_tok_12000_12800,62190,66169,12000,12800,,D:\cuong python\mon hoc\TIEU LUAN CHUYEN NGANH\MentalHealthChatbot\data\cleaned\9789240053052-eng.clean.txt,,2025-10-11T20:55:45.917966Z,,
9789240053052-eng.clean,9789240053052-eng.clean_tok_12800_13600,66169,70440,12800,13600,,D:\cuong python\mon hoc\TIEU LUAN CHUYEN NGANH\MentalHealthChatbot\data\cleaned\9789240053052-eng.clean.txt,,2025-10-11T20:55:45.917966Z,,
9789240053052-eng.clean,9789240053052-eng.clean_tok_13600_14400,70440,74887,13600,14400,,D:\cuong python\mon hoc\TIEU LUAN CHUYEN NGANH\MentalHealthChatbot\data\cleaned\9789240053052-eng.clean.txt,,2025-10-11T20:55:45.917966Z,,
9789240053052-eng.clean,9789240053052-eng.clean_tok_14400_15200,74887,79364,14400,15200,,D:\cuong python\mon hoc\TIEU LUAN CHUYEN NGANH\MentalHealthChatbot\data\cleaned\9789240053052-eng.clean.txt,,2025-10-11T20:55:45.917966Z,,
9789240053052-eng.clean,9789240053052-eng.clean_tok_15200_16000,79364,83789,15200,16000,,D:\cuong python\mon hoc\TIEU LUAN CHUYEN NGANH\MentalHealthChatbot\data\cleaned\9789240053052-eng.clean.txt,,2025-10-11T20:55:45.917966Z,,
9789240053052-eng.clean,9789240053052-eng.clean_tok_16000_16800,83789,88005,16000,16800,,D:\cuong python\mon hoc\TIEU LUAN CHUYEN NGANH\MentalHealthChatbot\data\cleaned\9789240053052-eng.clean.txt,,2025-10-11T20:55:45.917966Z,,
9789240053052-eng.clean,9789240053052-eng.clean_tok_16800_17600,88005,92283,16800,17600,,D:\cuong python\mon hoc\TIEU LUAN CHUYEN NGANH\MentalHealthChatbot\data\cleaned\9789240053052-eng.clean.txt,,2025-10-11T20:55:45.917966Z,,
9789240053052-eng.clean,9789240053052-eng.clean_tok_17600_18400,92283,96541,17600,18400,,D:\cuong python\mon hoc\TIEU LUAN CHUYEN NGANH\MentalHealthChatbot\data\cleaned\9789240053052-eng.clean.txt,,2025-10-11T20:55:45.917966Z,,
9789240053052-eng.clean,9789240053052-eng.clean_tok_18400_19200,96541,100968,18400,19200,,D:\cuong python\mon hoc\TIEU LUAN CHUYEN NGANH\MentalHealthChatbot\data\cleaned\9789240053052-eng.clean.txt,,2025-10-11T20:55:45.917966Z,,
9789240053052-eng.clean,9789240053052-eng.clean_tok_19200_20000,100968,105247,19200,20000,,D:\cuong python\mon hoc\TIEU LUAN CHUYEN NGANH\MentalHealthChatbot\data\cleaned\9789240053052-eng.clean.txt,,2025-10-11T20:55:45.917966Z,,
9789240053052-eng.clean,9789240053052-eng.clean_tok_20000_20800,105247,109579,20000,20800,,D:\cuong python\mon hoc\TIEU LUAN CHUYEN NGANH\MentalHealthChatbot\data\cleaned\9789240053052-eng.clean.txt,,2025-10-11T20:55:45.917966Z,,
9789240053052-eng.clean,9789240053052-eng.clean_tok_20800_21600,109579,113927,20800,21600,,D:\cuong python\mon hoc\TIEU LUAN CHUYEN NGANH\MentalHealthChatbot\data\cleaned\9789240053052-eng.clean.txt,,2025-10-11T20:55:45.917966Z,,
9789240053052-eng.clean,9789240053052-eng.clean_tok_21600_22400,113927,118087,21600,22400,,D:\cuong python\mon hoc\TIEU LUAN CHUYEN NGANH\MentalHealthChatbot\data\cleaned\9789240053052-eng.clean.txt,,2025-10-11T20:55:45.917966Z,,
9789240053052-eng.clean,9789240053052-eng.clean_tok_22400_23200,118087,122388,22400,23200,,D:\cuong python\mon hoc\TIEU LUAN CHUYEN NGANH\MentalHealthChatbot\data\cleaned\9789240053052-eng.clean.txt,,2025-10-11T20:55:45.917966Z,,
9789240053052-eng.clean,9789240053052-eng.clean_tok_23200_24000,122388,126596,23200,24000,,D:\cuong python\mon hoc\TIEU LUAN CHUYEN NGANH\MentalHealthChatbot\data\cleaned\9789240053052-eng.clean.txt,,2025-10-11T20:55:45.917966Z,,
9789240053052-eng.clean,9789240053052-eng.clean_tok_24000_24800,126596,130969,24000,24800,,D:\cuong python\mon hoc\TIEU LUAN CHUYEN NGANH\MentalHealthChatbot\data\cleaned\9789240053052-eng.clean.txt,,2025-10-11T20:55:45.917966Z,,
9789240053052-eng.clean,9789240053052-eng.clean_tok_24800_25600,130969,135174,24800,25600,,D:\cuong python\mon hoc\TIEU LUAN CHUYEN NGANH\MentalHealthChatbot\data\cleaned\9789240053052-eng.clean.txt,,2025-10-11T20:55:45.917966Z,,
9789240053052-eng.clean,9789240053052-eng.clean_tok_25600_26400,135174,139416,25600,26400,,D:\cuong python\mon hoc\TIEU LUAN CHUYEN NGANH\MentalHealthChatbot\data\cleaned\9789240053052-eng.clean.txt,,2025-10-11T20:55:45.917966Z,,
9789240053052-eng.clean,9789240053052-eng.clean_tok_26400_27200,139416,143668,26400,27200,,D:\cuong python\mon hoc\TIEU LUAN CHUYEN NGANH\MentalHealthChatbot\data\cleaned\9789240053052-eng.clean.txt,,2025-10-11T20:55:45.917966Z,,
9789240053052-eng.clean,9789240053052-eng.clean_tok_27200_28000,143668,147876,27200,28000,,D:\cuong python\mon hoc\TIEU LUAN CHUYEN NGANH\MentalHealthChatbot\data\cleaned\9789240053052-eng.clean.txt,,2025-10-11T20:55:45.917966Z,,
9789240053052-eng.clean,9789240053052-eng.clean_tok_28000_28800,147876,152088,28000,28800,,D:\cuong python\mon hoc\TIEU LUAN CHUYEN NGANH\MentalHealthChatbot\data\cleaned\9789240053052-eng.clean.txt,,2025-10-11T20:55:45.917966Z,,
9789240053052-eng.clean,9789240053052-eng.clean_tok_28800_29600,152088,156365,28800,29600,,D:\cuong python\mon hoc\TIEU LUAN CHUYEN NGANH\MentalHealthChatbot\data\cleaned\9789240053052-eng.clean.txt,,2025-10-11T20:55:45.917966Z,,
9789240053052-eng.clean,9789240053052-eng.clean_tok_29600_30400,156365,160434,29600,30400,,D:\cuong python\mon hoc\TIEU LUAN CHUYEN NGANH\MentalHealthChatbot\data\cleaned\9789240053052-eng.clean.txt,,2025-10-11T20:55:45.917966Z,,
9789240053052-eng.clean,9789240053052-eng.clean_tok_30400_31200,160434,164548,30400,31200,,D:\cuong python\mon hoc\TIEU LUAN CHUYEN NGANH\MentalHealthChatbot\data\cleaned\9789240053052-eng.clean.txt,,2025-10-11T20:55:45.917966Z,,
9789240053052-eng.clean,9789240053052-eng.clean_tok_31200_32000,164548,168990,31200,32000,,D:\cuong python\mon hoc\TIEU LUAN CHUYEN NGANH\MentalHealthChatbot\data\cleaned\9789240053052-eng.clean.txt,,2025-10-11T20:55:45.917966Z,,
9789240053052-eng.clean,9789240053052-eng.clean_tok_32000_32800,168990,173481,32000,32800,,D:\cuong python\mon hoc\TIEU LUAN CHUYEN NGANH\MentalHealthChatbot\data\cleaned\9789240053052-eng.clean.txt,,2025-10-11T20:55:45.917966Z,,
9789240053052-eng.clean,9789240053052-eng.clean_tok_32800_33600,173481,177682,32800,33600,,D:\cuong python\mon hoc\TIEU LUAN CHUYEN NGANH\MentalHealthChatbot\data\cleaned\9789240053052-eng.clean.txt,,2025-10-11T20:55:45.917966Z,,
9789240053052-eng.clean,9789240053052-eng.clean_tok_33600_34400,177682,181929,33600,34400,,D:\cuong python\mon hoc\TIEU LUAN CHUYEN NGANH\MentalHealthChatbot\data\cleaned\9789240053052-eng.clean.txt,,2025-10-11T20:55:45.917966Z,,
9789240053052-eng.clean,9789240053052-eng.clean_tok_34400_35200,181929,186586,34400,35200,,D:\cuong python\mon hoc\TIEU LUAN CHUYEN NGANH\MentalHealthChatbot\data\cleaned\9789240053052-eng.clean.txt,,2025-10-11T20:55:45.917966Z,,
9789240053052-eng.clean,9789240053052-eng.clean_tok_35200_36000,35989,83835,35200,36000,,D:\cuong python\mon hoc\TIEU LUAN CHUYEN NGANH\MentalHealthChatbot\data\cleaned\9789240053052-eng.clean.txt,,2025-10-11T20:55:45.917966Z,,
9789240053052-eng.clean,9789240053052-eng.clean_tok_36000_36800,101264,194960,36000,36800,,D:\cuong python\mon hoc\TIEU LUAN CHUYEN NGANH\MentalHealthChatbot\data\cleaned\9789240053052-eng.clean.txt,,2025-10-11T20:55:45.917966Z,,
9789240053052-eng.clean,9789240053052-eng.clean_tok_36800_37600,194960,199154,36800,37600,,D:\cuong python\mon hoc\TIEU LUAN CHUYEN NGANH\MentalHealthChatbot\data\cleaned\9789240053052-eng.clean.txt,,2025-10-11T20:55:45.917966Z,,
9789240053052-eng.clean,9789240053052-eng.clean_tok_37600_38400,199154,201774,37600,38400,,D:\cuong python\mon hoc\TIEU LUAN CHUYEN NGANH\MentalHealthChatbot\data\cleaned\9789240053052-eng.clean.txt,,2025-10-11T20:55:45.917966Z,,
9789240053052-eng.clean,9789240053052-eng.clean_tok_38400_39200,201774,204579,38400,39200,,D:\cuong python\mon hoc\TIEU LUAN CHUYEN NGANH\MentalHealthChatbot\data\cleaned\9789240053052-eng.clean.txt,,2025-10-11T20:55:45.917966Z,,
9789240053052-eng.clean,9789240053052-eng.clean_tok_39200_40000,204579,207088,39200,40000,,D:\cuong python\mon hoc\TIEU LUAN CHUYEN NGANH\MentalHealthChatbot\data\cleaned\9789240053052-eng.clean.txt,,2025-10-11T20:55:45.917966Z,,
9789240053052-eng.clean,9789240053052-eng.clean_tok_40000_40800,207088,209692,40000,40800,,D:\cuong python\mon hoc\TIEU LUAN CHUYEN NGANH\MentalHealthChatbot\data\cleaned\9789240053052-eng.clean.txt,,2025-10-11T20:55:45.917966Z,,
9789240053052-eng.clean,9789240053052-eng.clean_tok_40800_41600,209692,212544,40800,41600,,D:\cuong python\mon hoc\TIEU LUAN CHUYEN NGANH\MentalHealthChatbot\data\cleaned\9789240053052-eng.clean.txt,,2025-10-11T20:55:45.917966Z,,
9789240053052-eng.clean,9789240053052-eng.clean_tok_41600_42400,212544,215340,41600,42400,,D:\cuong python\mon hoc\TIEU LUAN CHUYEN NGANH\MentalHealthChatbot\data\cleaned\9789240053052-eng.clean.txt,,2025-10-11T20:55:45.917966Z,,
9789240053052-eng.clean,9789240053052-eng.clean_tok_42400_43200,215340,218071,42400,43200,,D:\cuong python\mon hoc\TIEU LUAN CHUYEN NGANH\MentalHealthChatbot\data\cleaned\9789240053052-eng.clean.txt,,2025-10-11T20:55:45.917966Z,,
9789240053052-eng.clean,9789240053052-eng.clean_tok_43200_44000,218071,220886,43200,44000,,D:\cuong python\mon hoc\TIEU LUAN CHUYEN NGANH\MentalHealthChatbot\data\cleaned\9789240053052-eng.clean.txt,,2025-10-11T20:55:45.917966Z,,
9789240053052-eng.clean,9789240053052-eng.clean_tok_44000_44800,220886,223740,44000,44800,,D:\cuong python\mon hoc\TIEU LUAN CHUYEN NGANH\MentalHealthChatbot\data\cleaned\9789240053052-eng.clean.txt,,2025-10-11T20:55:45.917966Z,,
9789240053052-eng.clean,9789240053052-eng.clean_tok_44800_45600,223740,226390,44800,45600,,D:\cuong python\mon hoc\TIEU LUAN CHUYEN NGANH\MentalHealthChatbot\data\cleaned\9789240053052-eng.clean.txt,,2025-10-11T20:55:45.917966Z,,
9789240053052-eng.clean,9789240053052-eng.clean_tok_45600_46400,226390,228958,45600,46400,,D:\cuong python\mon hoc\TIEU LUAN CHUYEN NGANH\MentalHealthChatbot\data\cleaned\9789240053052-eng.clean.txt,,2025-10-11T20:55:45.917966Z,,
9789240053052-eng.clean,9789240053052-eng.clean_tok_46400_47200,228958,231760,46400,47200,,D:\cuong python\mon hoc\TIEU LUAN CHUYEN NGANH\MentalHealthChatbot\data\cleaned\9789240053052-eng.clean.txt,,2025-10-11T20:55:45.917966Z,,
9789240053052-eng.clean,9789240053052-eng.clean_tok_47200_48000,231760,235193,47200,48000,,D:\cuong python\mon hoc\TIEU LUAN CHUYEN NGANH\MentalHealthChatbot\data\cleaned\9789240053052-eng.clean.txt,,2025-10-11T20:55:45.917966Z,,
9789240053052-eng.clean,9789240053052-eng.clean_tok_48000_48800,235193,239295,48000,48800,,D:\cuong python\mon hoc\TIEU LUAN CHUYEN NGANH\MentalHealthChatbot\data\cleaned\9789240053052-eng.clean.txt,,2025-10-11T20:55:45.917966Z,,
9789240053052-eng.clean,9789240053052-eng.clean_tok_48800_49600,239295,243444,48800,49600,,D:\cuong python\mon hoc\TIEU LUAN CHUYEN NGANH\MentalHealthChatbot\data\cleaned\9789240053052-eng.clean.txt,,2025-10-11T20:55:45.917966Z,,
9789240053052-eng.clean,9789240053052-eng.clean_tok_49600_50400,243444,247647,49600,50400,,D:\cuong python\mon hoc\TIEU LUAN CHUYEN NGANH\MentalHealthChatbot\data\cleaned\9789240053052-eng.clean.txt,,2025-10-11T20:55:45.917966Z,,
9789240053052-eng.clean,9789240053052-eng.clean_tok_50400_51200,247647,251706,50400,51200,,D:\cuong python\mon hoc\TIEU LUAN CHUYEN NGANH\MentalHealthChatbot\data\cleaned\9789240053052-eng.clean.txt,,2025-10-11T20:55:45.917966Z,,
9789240053052-eng.clean,9789240053052-eng.clean_tok_51200_52000,251706,255177,51200,52000,,D:\cuong python\mon hoc\TIEU LUAN CHUYEN NGANH\MentalHealthChatbot\data\cleaned\9789240053052-eng.clean.txt,,2025-10-11T20:55:45.917966Z,,
9789240053052-eng.clean,9789240053052-eng.clean_tok_52000_52800,255177,258663,52000,52800,,D:\cuong python\mon hoc\TIEU LUAN CHUYEN NGANH\MentalHealthChatbot\data\cleaned\9789240053052-eng.clean.txt,,2025-10-11T20:55:45.917966Z,,
9789240053052-eng.clean,9789240053052-eng.clean_tok_52800_53600,258663,262827,52800,53600,,D:\cuong python\mon hoc\TIEU LUAN CHUYEN NGANH\MentalHealthChatbot\data\cleaned\9789240053052-eng.clean.txt,,2025-10-11T20:55:45.917966Z,,
9789240053052-eng.clean,9789240053052-eng.clean_tok_53600_54400,262827,267058,53600,54400,,D:\cuong python\mon hoc\TIEU LUAN CHUYEN NGANH\MentalHealthChatbot\data\cleaned\9789240053052-eng.clean.txt,,2025-10-11T20:55:45.917966Z,,
9789240053052-eng.clean,9789240053052-eng.clean_tok_54400_55200,267058,271023,54400,55200,,D:\cuong python\mon hoc\TIEU LUAN CHUYEN NGANH\MentalHealthChatbot\data\cleaned\9789240053052-eng.clean.txt,,2025-10-11T20:55:45.917966Z,,
9789240053052-eng.clean,9789240053052-eng.clean_tok_55200_56000,271023,236757,55200,56000,,D:\cuong python\mon hoc\TIEU LUAN CHUYEN NGANH\MentalHealthChatbot\data\cleaned\9789240053052-eng.clean.txt,,2025-10-11T20:55:45.917966Z,,
9789240053052-eng.clean,9789240053052-eng.clean_tok_56000_56800,253962,150048,56000,56800,,D:\cuong python\mon hoc\TIEU LUAN CHUYEN NGANH\MentalHealthChatbot\data\cleaned\9789240053052-eng.clean.txt,,2025-10-11T20:55:45.917966Z,,
9789240053052-eng.clean,9789240053052-eng.clean_tok_56800_57600,150048,283319,56800,57600,,D:\cuong python\mon hoc\TIEU LUAN CHUYEN NGANH\MentalHealthChatbot\data\cleaned\9789240053052-eng.clean.txt,,2025-10-11T20:55:45.917966Z,,
9789240053052-eng.clean,9789240053052-eng.clean_tok_57600_57945,283319,285075,57600,57945,,D:\cuong python\mon hoc\TIEU LUAN CHUYEN NGANH\MentalHealthChatbot\data\cleaned\9789240053052-eng.clean.txt,,2025-10-11T20:55:45.917966Z,,
9789240057944-eng.clean,9789240057944-eng.clean_tok_0_800,0,3862,0,800,,D:\cuong python\mon hoc\TIEU LUAN CHUYEN NGANH\MentalHealthChatbot\data\cleaned\9789240057944-eng.clean.txt,,2025-10-11T20:55:46.146161Z,,
9789240057944-eng.clean,9789240057944-eng.clean_tok_800_1600,3862,7563,800,1600,,D:\cuong python\mon hoc\TIEU LUAN CHUYEN NGANH\MentalHealthChatbot\data\cleaned\9789240057944-eng.clean.txt,,2025-10-11T20:55:46.146161Z,,
9789240057944-eng.clean,9789240057944-eng.clean_tok_1600_2400,7563,11529,1600,2400,,D:\cuong python\mon hoc\TIEU LUAN CHUYEN NGANH\MentalHealthChatbot\data\cleaned\9789240057944-eng.clean.txt,,2025-10-11T20:55:46.146161Z,,
9789240057944-eng.clean,9789240057944-eng.clean_tok_2400_3200,11529,15569,2400,3200,,D:\cuong python\mon hoc\TIEU LUAN CHUYEN NGANH\MentalHealthChatbot\data\cleaned\9789240057944-eng.clean.txt,,2025-10-11T20:55:46.146161Z,,
9789240057944-eng.clean,9789240057944-eng.clean_tok_3200_4000,15569,19062,3200,4000,,D:\cuong python\mon hoc\TIEU LUAN CHUYEN NGANH\MentalHealthChatbot\data\cleaned\9789240057944-eng.clean.txt,,2025-10-11T20:55:46.146161Z,,
9789240057944-eng.clean,9789240057944-eng.clean_tok_4000_4800,19062,23198,4000,4800,,D:\cuong python\mon hoc\TIEU LUAN CHUYEN NGANH\MentalHealthChatbot\data\cleaned\9789240057944-eng.clean.txt,,2025-10-11T20:55:46.146161Z,,
9789240057944-eng.clean,9789240057944-eng.clean_tok_4800_5600,23198,27479,4800,5600,,D:\cuong python\mon hoc\TIEU LUAN CHUYEN NGANH\MentalHealthChatbot\data\cleaned\9789240057944-eng.clean.txt,,2025-10-11T20:55:46.146161Z,,
9789240057944-eng.clean,9789240057944-eng.clean_tok_5600_6400,27479,31697,5600,6400,,D:\cuong python\mon hoc\TIEU LUAN CHUYEN NGANH\MentalHealthChatbot\data\cleaned\9789240057944-eng.clean.txt,,2025-10-11T20:55:46.146161Z,,
9789240057944-eng.clean,9789240057944-eng.clean_tok_6400_7200,31697,37102,6400,7200,,D:\cuong python\mon hoc\TIEU LUAN CHUYEN NGANH\MentalHealthChatbot\data\cleaned\9789240057944-eng.clean.txt,,2025-10-11T20:55:46.146161Z,,
9789240057944-eng.clean,9789240057944-eng.clean_tok_7200_8000,37134,40286,7200,8000,,D:\cuong python\mon hoc\TIEU LUAN CHUYEN NGANH\MentalHealthChatbot\data\cleaned\9789240057944-eng.clean.txt,,2025-10-11T20:55:46.146161Z,,
9789240057944-eng.clean,9789240057944-eng.clean_tok_8000_8800,40286,44471,8000,8800,,D:\cuong python\mon hoc\TIEU LUAN CHUYEN NGANH\MentalHealthChatbot\data\cleaned\9789240057944-eng.clean.txt,,2025-10-11T20:55:46.146161Z,,
9789240057944-eng.clean,9789240057944-eng.clean_tok_8800_9600,44471,48522,8800,9600,,D:\cuong python\mon hoc\TIEU LUAN CHUYEN NGANH\MentalHealthChatbot\data\cleaned\9789240057944-eng.clean.txt,,2025-10-11T20:55:46.146161Z,,
9789240057944-eng.clean,9789240057944-eng.clean_tok_9600_10400,48522,52817,9600,10400,,D:\cuong python\mon hoc\TIEU LUAN CHUYEN NGANH\MentalHealthChatbot\data\cleaned\9789240057944-eng.clean.txt,,2025-10-11T20:55:46.146161Z,,
9789240057944-eng.clean,9789240057944-eng.clean_tok_10400_11200,52817,56227,10400,11200,,D:\cuong python\mon hoc\TIEU LUAN CHUYEN NGANH\MentalHealthChatbot\data\cleaned\9789240057944-eng.clean.txt,,2025-10-11T20:55:46.146161Z,,
9789240057944-eng.clean,9789240057944-eng.clean_tok_11200_12000,56227,59144,11200,12000,,D:\cuong python\mon hoc\TIEU LUAN CHUYEN NGANH\MentalHealthChatbot\data\cleaned\9789240057944-eng.clean.txt,,2025-10-11T20:55:46.146161Z,,
9789240057944-eng.clean,9789240057944-eng.clean_tok_12000_12407,59144,60905,12000,12407,,D:\cuong python\mon hoc\TIEU LUAN CHUYEN NGANH\MentalHealthChatbot\data\cleaned\9789240057944-eng.clean.txt,,2025-10-11T20:55:46.146161Z,,
mental_health_action_plan_flyer_member_states.clean,mental_health_action_plan_flyer_member_states.clean_tok_0_800,0,4048,0,800,,D:\cuong python\mon hoc\TIEU LUAN CHUYEN NGANH\MentalHealthChatbot\data\cleaned\mental_health_action_plan_flyer_member_states.clean.txt,,2025-10-11T20:55:46.190442Z,,
mental_health_action_plan_flyer_member_states.clean,mental_health_action_plan_flyer_member_states.clean_tok_800_1600,4048,8611,800,1600,,D:\cuong python\mon hoc\TIEU LUAN CHUYEN NGANH\MentalHealthChatbot\data\cleaned\mental_health_action_plan_flyer_member_states.clean.txt,,2025-10-11T20:55:46.190442Z,,
mental_health_action_plan_flyer_member_states.clean,mental_health_action_plan_flyer_member_states.clean_tok_1600_1773,8611,9650,1600,1773,,D:\cuong python\mon hoc\TIEU LUAN CHUYEN NGANH\MentalHealthChatbot\data\cleaned\mental_health_action_plan_flyer_member_states.clean.txt,,2025-10-11T20:55:46.190442Z,,
Mental_health_at_work.clean,Mental_health_at_work.clean_tok_0_800,0,3687,0,800,,D:\cuong python\mon hoc\TIEU LUAN CHUYEN NGANH\MentalHealthChatbot\data\cleaned\Mental_health_at_work.clean.txt,,2025-10-11T20:55:46.209783Z,,
Mental_health_at_work.clean,Mental_health_at_work.clean_tok_800_1600,3687,8211,800,1600,,D:\cuong python\mon hoc\TIEU LUAN CHUYEN NGANH\MentalHealthChatbot\data\cleaned\Mental_health_at_work.clean.txt,,2025-10-11T20:55:46.209783Z,,
Mental_health_at_work.clean,Mental_health_at_work.clean_tok_1600_2400,8211,13027,1600,2400,,D:\cuong python\mon hoc\TIEU LUAN CHUYEN NGANH\MentalHealthChatbot\data\cleaned\Mental_health_at_work.clean.txt,,2025-10-11T20:55:46.209783Z,,
Mental_health_at_work.clean,Mental_health_at_work.clean_tok_2400_2813,13027,15101,2400,2813,,D:\cuong python\mon hoc\TIEU LUAN CHUYEN NGANH\MentalHealthChatbot\data\cleaned\Mental_health_at_work.clean.txt,,2025-10-11T20:55:46.209783Z,,
